sku,name,category,brand,date,price_irr,price_toman
AMO-001,"کاسه چرخ برلیانس 220/230 عقب",brake-drums,brilliance,2026-06-29,211950000,21195000
AMO-001,"کاسه چرخ برلیانس 220/230 عقب",brake-drums,brilliance,2026-07-06,213035000,21303500
AMO-001,"کاسه چرخ برلیانس 220/230 عقب",brake-drums,brilliance,2026-07-13,212800000,21280000
AMO-001,"کاسه چرخ برلیانس 220/230 عقب",brake-drums,brilliance,2026-07-20,210040000,21004000
AMO-001,"کاسه چرخ برلیانس 220/230 عقب",brake-drums,brilliance,2026-07-27,218535000,21853500
AMO-001,"کاسه چرخ برلیانس 220/230 عقب",brake-drums,brilliance,2026-08-03,225645000,22564500
AMO-001,"کاسه چرخ برلیانس 220/230 عقب",brake-drums,brilliance,2026-08-10,234960000,23496000
AMO-001,"کاسه چرخ برلیانس 220/230 عقب",brake-drums,brilliance,2026-08-17,245790000,24579000
AMO-001,"کاسه چرخ برلیانس 220/230 عقب",brake-drums,brilliance,2026-08-24,248365000,24836500
AMO-001,"کاسه چرخ برلیانس 220/230 عقب",brake-drums,brilliance,2026-08-31,248510000,24851000
AMO-001,"کاسه چرخ برلیانس 220/230 عقب",brake-drums,brilliance,2026-09-07,258840000,25884000
AMO-001,"کاسه چرخ برلیانس 220/230 عقب",brake-drums,brilliance,2026-09-14,259875000,25987500
AMO-002,"کاسه چرخ ام‌وی‌ام 110 عقب",brake-drums,mvm,2026-06-29,159925000,15992500
AMO-002,"کاسه چرخ ام‌وی‌ام 110 عقب",brake-drums,mvm,2026-07-06,164460000,16446000
AMO-002,"کاسه چرخ ام‌وی‌ام 110 عقب",brake-drums,mvm,2026-07-13,163645000,16364500
AMO-002,"کاسه چرخ ام‌وی‌ام 110 عقب",brake-drums,mvm,2026-07-20,163550000,16355000
AMO-002,"کاسه چرخ ام‌وی‌ام 110 عقب",brake-drums,mvm,2026-07-27,165250000,16525000
AMO-002,"کاسه چرخ ام‌وی‌ام 110 عقب",brake-drums,mvm,2026-08-03,168155000,16815500
AMO-002,"کاسه چرخ ام‌وی‌ام 110 عقب",brake-drums,mvm,2026-08-10,175075000,17507500
AMO-002,"کاسه چرخ ام‌وی‌ام 110 عقب",brake-drums,mvm,2026-08-17,175360000,17536000
AMO-002,"کاسه چرخ ام‌وی‌ام 110 عقب",brake-drums,mvm,2026-08-24,181385000,18138500
AMO-002,"کاسه چرخ ام‌وی‌ام 110 عقب",brake-drums,mvm,2026-08-31,182510000,18251000
AMO-002,"کاسه چرخ ام‌وی‌ام 110 عقب",brake-drums,mvm,2026-09-07,186740000,18674000
AMO-002,"کاسه چرخ ام‌وی‌ام 110 عقب",brake-drums,mvm,2026-09-14,185625000,18562500
AMO-003,"کاسه چرخ ام‌وی‌ام 315 عقب",brake-drums,mvm,2026-06-29,201660000,20166000
AMO-003,"کاسه چرخ ام‌وی‌ام 315 عقب",brake-drums,mvm,2026-07-06,205185000,20518500
AMO-003,"کاسه چرخ ام‌وی‌ام 315 عقب",brake-drums,mvm,2026-07-13,208770000,20877000
AMO-003,"کاسه چرخ ام‌وی‌ام 315 عقب",brake-drums,mvm,2026-07-20,210000000,21000000
AMO-003,"کاسه چرخ ام‌وی‌ام 315 عقب",brake-drums,mvm,2026-07-27,212230000,21223000
AMO-003,"کاسه چرخ ام‌وی‌ام 315 عقب",brake-drums,mvm,2026-08-03,215995000,21599500
AMO-003,"کاسه چرخ ام‌وی‌ام 315 عقب",brake-drums,mvm,2026-08-10,218230000,21823000
AMO-003,"کاسه چرخ ام‌وی‌ام 315 عقب",brake-drums,mvm,2026-08-17,222005000,22200500
AMO-003,"کاسه چرخ ام‌وی‌ام 315 عقب",brake-drums,mvm,2026-08-24,225115000,22511500
AMO-003,"کاسه چرخ ام‌وی‌ام 315 عقب",brake-drums,mvm,2026-08-31,228065000,22806500
AMO-003,"کاسه چرخ ام‌وی‌ام 315 عقب",brake-drums,mvm,2026-09-07,229735000,22973500
AMO-003,"کاسه چرخ ام‌وی‌ام 315 عقب",brake-drums,mvm,2026-09-14,230175000,23017500
AMO-004,"دیسک چرخ ام‌وی‌ام 530 عقب",brake-discs,mvm,2026-06-29,314505000,31450500
AMO-004,"دیسک چرخ ام‌وی‌ام 530 عقب",brake-discs,mvm,2026-07-06,315800000,31580000
AMO-004,"دیسک چرخ ام‌وی‌ام 530 عقب",brake-discs,mvm,2026-07-13,318610000,31861000
AMO-004,"دیسک چرخ ام‌وی‌ام 530 عقب",brake-discs,mvm,2026-07-20,326335000,32633500
AMO-004,"دیسک چرخ ام‌وی‌ام 530 عقب",brake-discs,mvm,2026-07-27,324950000,32495000
AMO-004,"دیسک چرخ ام‌وی‌ام 530 عقب",brake-discs,mvm,2026-08-03,332445000,33244500
AMO-004,"دیسک چرخ ام‌وی‌ام 530 عقب",brake-discs,mvm,2026-08-10,342720000,34272000
AMO-004,"دیسک چرخ ام‌وی‌ام 530 عقب",brake-discs,mvm,2026-08-17,353430000,35343000
AMO-004,"دیسک چرخ ام‌وی‌ام 530 عقب",brake-discs,mvm,2026-08-24,362485000,36248500
AMO-004,"دیسک چرخ ام‌وی‌ام 530 عقب",brake-discs,mvm,2026-08-31,374430000,37443000
AMO-004,"دیسک چرخ ام‌وی‌ام 530 عقب",brake-discs,mvm,2026-09-07,373605000,37360500
AMO-004,"دیسک چرخ ام‌وی‌ام 530 عقب",brake-discs,mvm,2026-09-14,375705000,37570500
AMO-005,"دیسک چرخ ام‌وی‌ام 33X عقب",brake-discs,mvm,2026-06-29,366005000,36600500
AMO-005,"دیسک چرخ ام‌وی‌ام 33X عقب",brake-discs,mvm,2026-07-06,401190000,40119000
AMO-005,"دیسک چرخ ام‌وی‌ام 33X عقب",brake-discs,mvm,2026-07-13,414170000,41417000
AMO-005,"دیسک چرخ ام‌وی‌ام 33X عقب",brake-discs,mvm,2026-07-20,419420000,41942000
AMO-005,"دیسک چرخ ام‌وی‌ام 33X عقب",brake-discs,mvm,2026-07-27,416480000,41648000
AMO-005,"دیسک چرخ ام‌وی‌ام 33X عقب",brake-discs,mvm,2026-08-03,435200000,43520000
AMO-005,"دیسک چرخ ام‌وی‌ام 33X عقب",brake-discs,mvm,2026-08-10,440715000,44071500
AMO-005,"دیسک چرخ ام‌وی‌ام 33X عقب",brake-discs,mvm,2026-08-17,431730000,43173000
AMO-005,"دیسک چرخ ام‌وی‌ام 33X عقب",brake-discs,mvm,2026-08-24,435165000,43516500
AMO-005,"دیسک چرخ ام‌وی‌ام 33X عقب",brake-discs,mvm,2026-08-31,444105000,44410500
AMO-005,"دیسک چرخ ام‌وی‌ام 33X عقب",brake-discs,mvm,2026-09-07,430505000,43050500
AMO-005,"دیسک چرخ ام‌وی‌ام 33X عقب",brake-discs,mvm,2026-09-14,457380000,45738000
AMO-006,"دیسک چرخ ام‌وی‌ام 33X عقب TRA-X",brake-discs,mvm,2026-06-29,406065000,40606500
AMO-006,"دیسک چرخ ام‌وی‌ام 33X عقب TRA-X",brake-discs,mvm,2026-07-06,416380000,41638000
AMO-006,"دیسک چرخ ام‌وی‌ام 33X عقب TRA-X",brake-discs,mvm,2026-07-13,441335000,44133500
AMO-006,"دیسک چرخ ام‌وی‌ام 33X عقب TRA-X",brake-discs,mvm,2026-07-20,433445000,43344500
AMO-006,"دیسک چرخ ام‌وی‌ام 33X عقب TRA-X",brake-discs,mvm,2026-07-27,426640000,42664000
AMO-006,"دیسک چرخ ام‌وی‌ام 33X عقب TRA-X",brake-discs,mvm,2026-08-03,418640000,41864000
AMO-006,"دیسک چرخ ام‌وی‌ام 33X عقب TRA-X",brake-discs,mvm,2026-08-10,433300000,43330000
AMO-006,"دیسک چرخ ام‌وی‌ام 33X عقب TRA-X",brake-discs,mvm,2026-08-17,428585000,42858500
AMO-006,"دیسک چرخ ام‌وی‌ام 33X عقب TRA-X",brake-discs,mvm,2026-08-24,444340000,44434000
AMO-006,"دیسک چرخ ام‌وی‌ام 33X عقب TRA-X",brake-discs,mvm,2026-08-31,450185000,45018500
AMO-006,"دیسک چرخ ام‌وی‌ام 33X عقب TRA-X",brake-discs,mvm,2026-09-07,481105000,48110500
AMO-006,"دیسک چرخ ام‌وی‌ام 33X عقب TRA-X",brake-discs,mvm,2026-09-14,490050000,49005000
AMO-007,"دیسک چرخ ام‌وی‌ام S33X عقب",brake-discs,mvm,2026-06-29,392145000,39214500
AMO-007,"دیسک چرخ ام‌وی‌ام S33X عقب",brake-discs,mvm,2026-07-06,402235000,40223500
AMO-007,"دیسک چرخ ام‌وی‌ام S33X عقب",brake-discs,mvm,2026-07-13,410155000,41015500
AMO-007,"دیسک چرخ ام‌وی‌ام S33X عقب",brake-discs,mvm,2026-07-20,425425000,42542500
AMO-007,"دیسک چرخ ام‌وی‌ام S33X عقب",brake-discs,mvm,2026-07-27,428395000,42839500
AMO-007,"دیسک چرخ ام‌وی‌ام S33X عقب",brake-discs,mvm,2026-08-03,430220000,43022000
AMO-007,"دیسک چرخ ام‌وی‌ام S33X عقب",brake-discs,mvm,2026-08-10,429450000,42945000
AMO-007,"دیسک چرخ ام‌وی‌ام S33X عقب",brake-discs,mvm,2026-08-17,451150000,45115000
AMO-007,"دیسک چرخ ام‌وی‌ام S33X عقب",brake-discs,mvm,2026-08-24,451845000,45184500
AMO-007,"دیسک چرخ ام‌وی‌ام S33X عقب",brake-discs,mvm,2026-08-31,447215000,44721500
AMO-007,"دیسک چرخ ام‌وی‌ام S33X عقب",brake-discs,mvm,2026-09-07,451150000,45115000
AMO-007,"دیسک چرخ ام‌وی‌ام S33X عقب",brake-discs,mvm,2026-09-14,457380000,45738000
AMO-008,"دیسک چرخ ام‌وی‌ام S33X عقب TRA-X",brake-discs,mvm,2026-06-29,386875000,38687500
AMO-008,"دیسک چرخ ام‌وی‌ام S33X عقب TRA-X",brake-discs,mvm,2026-07-06,394260000,39426000
AMO-008,"دیسک چرخ ام‌وی‌ام S33X عقب TRA-X",brake-discs,mvm,2026-07-13,401590000,40159000
AMO-008,"دیسک چرخ ام‌وی‌ام S33X عقب TRA-X",brake-discs,mvm,2026-07-20,410335000,41033500
AMO-008,"دیسک چرخ ام‌وی‌ام S33X عقب TRA-X",brake-discs,mvm,2026-07-27,420275000,42027500
AMO-008,"دیسک چرخ ام‌وی‌ام S33X عقب TRA-X",brake-discs,mvm,2026-08-03,439390000,43939000
AMO-008,"دیسک چرخ ام‌وی‌ام S33X عقب TRA-X",brake-discs,mvm,2026-08-10,458945000,45894500
AMO-008,"دیسک چرخ ام‌وی‌ام S33X عقب TRA-X",brake-discs,mvm,2026-08-17,479035000,47903500
AMO-008,"دیسک چرخ ام‌وی‌ام S33X عقب TRA-X",brake-discs,mvm,2026-08-24,494850000,49485000
AMO-008,"دیسک چرخ ام‌وی‌ام S33X عقب TRA-X",brake-discs,mvm,2026-08-31,489905000,48990500
AMO-008,"دیسک چرخ ام‌وی‌ام S33X عقب TRA-X",brake-discs,mvm,2026-09-07,493750000,49375000
AMO-008,"دیسک چرخ ام‌وی‌ام S33X عقب TRA-X",brake-discs,mvm,2026-09-14,486915000,48691500
AMO-009,"دیسک چرخ ام‌وی‌ام 22X جلو",brake-discs,mvm,2026-06-29,413795000,41379500
AMO-009,"دیسک چرخ ام‌وی‌ام 22X جلو",brake-discs,mvm,2026-07-06,435035000,43503500
AMO-009,"دیسک چرخ ام‌وی‌ام 22X جلو",brake-discs,mvm,2026-07-13,436565000,43656500
AMO-009,"دیسک چرخ ام‌وی‌ام 22X جلو",brake-discs,mvm,2026-07-20,437280000,43728000
AMO-009,"دیسک چرخ ام‌وی‌ام 22X جلو",brake-discs,mvm,2026-07-27,447160000,44716000
AMO-009,"دیسک چرخ ام‌وی‌ام 22X جلو",brake-discs,mvm,2026-08-03,456780000,45678000
AMO-009,"دیسک چرخ ام‌وی‌ام 22X جلو",brake-discs,mvm,2026-08-10,481945000,48194500
AMO-009,"دیسک چرخ ام‌وی‌ام 22X جلو",brake-discs,mvm,2026-08-17,483380000,48338000
AMO-009,"دیسک چرخ ام‌وی‌ام 22X جلو",brake-discs,mvm,2026-08-24,495340000,49534000
AMO-009,"دیسک چرخ ام‌وی‌ام 22X جلو",brake-discs,mvm,2026-08-31,497750000,49775000
AMO-009,"دیسک چرخ ام‌وی‌ام 22X جلو",brake-discs,mvm,2026-09-07,510600000,51060000
AMO-009,"دیسک چرخ ام‌وی‌ام 22X جلو",brake-discs,mvm,2026-09-14,506385000,50638500
AMO-010,"دیسک چرخ ام‌وی‌ام 22X جلو TRA-X",brake-discs,mvm,2026-06-29,455010000,45501000
AMO-010,"دیسک چرخ ام‌وی‌ام 22X جلو TRA-X",brake-discs,mvm,2026-07-06,457525000,45752500
AMO-010,"دیسک چرخ ام‌وی‌ام 22X جلو TRA-X",brake-discs,mvm,2026-07-13,469870000,46987000
AMO-010,"دیسک چرخ ام‌وی‌ام 22X جلو TRA-X",brake-discs,mvm,2026-07-20,481595000,48159500
AMO-010,"دیسک چرخ ام‌وی‌ام 22X جلو TRA-X",brake-discs,mvm,2026-07-27,481115000,48111500
AMO-010,"دیسک چرخ ام‌وی‌ام 22X جلو TRA-X",brake-discs,mvm,2026-08-03,493395000,49339500
AMO-010,"دیسک چرخ ام‌وی‌ام 22X جلو TRA-X",brake-discs,mvm,2026-08-10,496405000,49640500
AMO-010,"دیسک چرخ ام‌وی‌ام 22X جلو TRA-X",brake-discs,mvm,2026-08-17,506920000,50692000
AMO-010,"دیسک چرخ ام‌وی‌ام 22X جلو TRA-X",brake-discs,mvm,2026-08-24,520155000,52015500
AMO-010,"دیسک چرخ ام‌وی‌ام 22X جلو TRA-X",brake-discs,mvm,2026-08-31,526195000,52619500
AMO-010,"دیسک چرخ ام‌وی‌ام 22X جلو TRA-X",brake-discs,mvm,2026-09-07,533905000,53390500
AMO-010,"دیسک چرخ ام‌وی‌ام 22X جلو TRA-X",brake-discs,mvm,2026-09-14,539055000,53905500
AMO-011,"دیسک چرخ ام‌وی‌ام 22X عقب",brake-discs,mvm,2026-06-29,314905000,31490500
AMO-011,"دیسک چرخ ام‌وی‌ام 22X عقب",brake-discs,mvm,2026-07-06,331000000,33100000
AMO-011,"دیسک چرخ ام‌وی‌ام 22X عقب",brake-discs,mvm,2026-07-13,332005000,33200500
AMO-011,"دیسک چرخ ام‌وی‌ام 22X عقب",brake-discs,mvm,2026-07-20,327825000,32782500
AMO-011,"دیسک چرخ ام‌وی‌ام 22X عقب",brake-discs,mvm,2026-07-27,332465000,33246500
AMO-011,"دیسک چرخ ام‌وی‌ام 22X عقب",brake-discs,mvm,2026-08-03,336970000,33697000
AMO-011,"دیسک چرخ ام‌وی‌ام 22X عقب",brake-discs,mvm,2026-08-10,333130000,33313000
AMO-011,"دیسک چرخ ام‌وی‌ام 22X عقب",brake-discs,mvm,2026-08-17,345055000,34505500
AMO-011,"دیسک چرخ ام‌وی‌ام 22X عقب",brake-discs,mvm,2026-08-24,356990000,35699000
AMO-011,"دیسک چرخ ام‌وی‌ام 22X عقب",brake-discs,mvm,2026-08-31,375240000,37524000
AMO-011,"دیسک چرخ ام‌وی‌ام 22X عقب",brake-discs,mvm,2026-09-07,397805000,39780500
AMO-011,"دیسک چرخ ام‌وی‌ام 22X عقب",brake-discs,mvm,2026-09-14,392040000,39204000
AMO-012,"دیسک چرخ ام‌وی‌ام 22X عقب TRA-X",brake-discs,mvm,2026-06-29,366700000,36670000
AMO-012,"دیسک چرخ ام‌وی‌ام 22X عقب TRA-X",brake-discs,mvm,2026-07-06,366510000,36651000
AMO-012,"دیسک چرخ ام‌وی‌ام 22X عقب TRA-X",brake-discs,mvm,2026-07-13,380150000,38015000
AMO-012,"دیسک چرخ ام‌وی‌ام 22X عقب TRA-X",brake-discs,mvm,2026-07-20,381925000,38192500
AMO-012,"دیسک چرخ ام‌وی‌ام 22X عقب TRA-X",brake-discs,mvm,2026-07-27,390335000,39033500
AMO-012,"دیسک چرخ ام‌وی‌ام 22X عقب TRA-X",brake-discs,mvm,2026-08-03,403045000,40304500
AMO-012,"دیسک چرخ ام‌وی‌ام 22X عقب TRA-X",brake-discs,mvm,2026-08-10,415520000,41552000
AMO-012,"دیسک چرخ ام‌وی‌ام 22X عقب TRA-X",brake-discs,mvm,2026-08-17,421545000,42154500
AMO-012,"دیسک چرخ ام‌وی‌ام 22X عقب TRA-X",brake-discs,mvm,2026-08-24,423135000,42313500
AMO-012,"دیسک چرخ ام‌وی‌ام 22X عقب TRA-X",brake-discs,mvm,2026-08-31,428440000,42844000
AMO-012,"دیسک چرخ ام‌وی‌ام 22X عقب TRA-X",brake-discs,mvm,2026-09-07,434350000,43435000
AMO-012,"دیسک چرخ ام‌وی‌ام 22X عقب TRA-X",brake-discs,mvm,2026-09-14,432877500,43287750
AMO-013,"دیسک چرخ ام‌وی‌ام 33X جلو",brake-discs,mvm,2026-06-29,420205000,42020500
AMO-013,"دیسک چرخ ام‌وی‌ام 33X جلو",brake-discs,mvm,2026-07-06,418145000,41814500
AMO-013,"دیسک چرخ ام‌وی‌ام 33X جلو",brake-discs,mvm,2026-07-13,414495000,41449500
AMO-013,"دیسک چرخ ام‌وی‌ام 33X جلو",brake-discs,mvm,2026-07-20,416435000,41643500
AMO-013,"دیسک چرخ ام‌وی‌ام 33X جلو",brake-discs,mvm,2026-07-27,420325000,42032500
AMO-013,"دیسک چرخ ام‌وی‌ام 33X جلو",brake-discs,mvm,2026-08-03,415390000,41539000
AMO-013,"دیسک چرخ ام‌وی‌ام 33X جلو",brake-discs,mvm,2026-08-10,437235000,43723500
AMO-013,"دیسک چرخ ام‌وی‌ام 33X جلو",brake-discs,mvm,2026-08-17,434015000,43401500
AMO-013,"دیسک چرخ ام‌وی‌ام 33X جلو",brake-discs,mvm,2026-08-24,437115000,43711500
AMO-013,"دیسک چرخ ام‌وی‌ام 33X جلو",brake-discs,mvm,2026-08-31,456395000,45639500
AMO-013,"دیسک چرخ ام‌وی‌ام 33X جلو",brake-discs,mvm,2026-09-07,478275000,47827500
AMO-013,"دیسک چرخ ام‌وی‌ام 33X جلو",brake-discs,mvm,2026-09-14,498217500,49821750
AMO-014,"دیسک چرخ ام‌وی‌ام 33X جلو TRA-X",brake-discs,mvm,2026-06-29,444935000,44493500
AMO-014,"دیسک چرخ ام‌وی‌ام 33X جلو TRA-X",brake-discs,mvm,2026-07-06,460055000,46005500
AMO-014,"دیسک چرخ ام‌وی‌ام 33X جلو TRA-X",brake-discs,mvm,2026-07-13,471865000,47186500
AMO-014,"دیسک چرخ ام‌وی‌ام 33X جلو TRA-X",brake-discs,mvm,2026-07-20,479375000,47937500
AMO-014,"دیسک چرخ ام‌وی‌ام 33X جلو TRA-X",brake-discs,mvm,2026-07-27,495840000,49584000
AMO-014,"دیسک چرخ ام‌وی‌ام 33X جلو TRA-X",brake-discs,mvm,2026-08-03,494595000,49459500
AMO-014,"دیسک چرخ ام‌وی‌ام 33X جلو TRA-X",brake-discs,mvm,2026-08-10,512120000,51212000
AMO-014,"دیسک چرخ ام‌وی‌ام 33X جلو TRA-X",brake-discs,mvm,2026-08-17,524620000,52462000
AMO-014,"دیسک چرخ ام‌وی‌ام 33X جلو TRA-X",brake-discs,mvm,2026-08-24,528610000,52861000
AMO-014,"دیسک چرخ ام‌وی‌ام 33X جلو TRA-X",brake-discs,mvm,2026-08-31,527570000,52757000
AMO-014,"دیسک چرخ ام‌وی‌ام 33X جلو TRA-X",brake-discs,mvm,2026-09-07,533870000,53387000
AMO-014,"دیسک چرخ ام‌وی‌ام 33X جلو TRA-X",brake-discs,mvm,2026-09-14,530887500,53088750
AMO-015,"دیسک چرخ ام‌وی‌ام S33X جلو",brake-discs,mvm,2026-06-29,417980000,41798000
AMO-015,"دیسک چرخ ام‌وی‌ام S33X جلو",brake-discs,mvm,2026-07-06,425435000,42543500
AMO-015,"دیسک چرخ ام‌وی‌ام S33X جلو",brake-discs,mvm,2026-07-13,438010000,43801000
AMO-015,"دیسک چرخ ام‌وی‌ام S33X جلو",brake-discs,mvm,2026-07-20,450135000,45013500
AMO-015,"دیسک چرخ ام‌وی‌ام S33X جلو",brake-discs,mvm,2026-07-27,448565000,44856500
AMO-015,"دیسک چرخ ام‌وی‌ام S33X جلو",brake-discs,mvm,2026-08-03,470550000,47055000
AMO-015,"دیسک چرخ ام‌وی‌ام S33X جلو",brake-discs,mvm,2026-08-10,474750000,47475000
AMO-015,"دیسک چرخ ام‌وی‌ام S33X جلو",brake-discs,mvm,2026-08-17,483665000,48366500
AMO-015,"دیسک چرخ ام‌وی‌ام S33X جلو",brake-discs,mvm,2026-08-24,506010000,50601000
AMO-015,"دیسک چرخ ام‌وی‌ام S33X جلو",brake-discs,mvm,2026-08-31,512425000,51242500
AMO-015,"دیسک چرخ ام‌وی‌ام S33X جلو",brake-discs,mvm,2026-09-07,525410000,52541000
AMO-015,"دیسک چرخ ام‌وی‌ام S33X جلو",brake-discs,mvm,2026-09-14,522720000,52272000
AMO-016,"دیسک چرخ ام‌وی‌ام S33X جلو TRA-X",brake-discs,mvm,2026-06-29,492520000,49252000
AMO-016,"دیسک چرخ ام‌وی‌ام S33X جلو TRA-X",brake-discs,mvm,2026-07-06,503365000,50336500
AMO-016,"دیسک چرخ ام‌وی‌ام S33X جلو TRA-X",brake-discs,mvm,2026-07-13,513300000,51330000
AMO-016,"دیسک چرخ ام‌وی‌ام S33X جلو TRA-X",brake-discs,mvm,2026-07-20,529925000,52992500
AMO-016,"دیسک چرخ ام‌وی‌ام S33X جلو TRA-X",brake-discs,mvm,2026-07-27,527845000,52784500
AMO-016,"دیسک چرخ ام‌وی‌ام S33X جلو TRA-X",brake-discs,mvm,2026-08-03,523035000,52303500
AMO-016,"دیسک چرخ ام‌وی‌ام S33X جلو TRA-X",brake-discs,mvm,2026-08-10,534875000,53487500
AMO-016,"دیسک چرخ ام‌وی‌ام S33X جلو TRA-X",brake-discs,mvm,2026-08-17,542765000,54276500
AMO-016,"دیسک چرخ ام‌وی‌ام S33X جلو TRA-X",brake-discs,mvm,2026-08-24,549420000,54942000
AMO-016,"دیسک چرخ ام‌وی‌ام S33X جلو TRA-X",brake-discs,mvm,2026-08-31,550915000,55091500
AMO-016,"دیسک چرخ ام‌وی‌ام S33X جلو TRA-X",brake-discs,mvm,2026-09-07,558930000,55893000
AMO-016,"دیسک چرخ ام‌وی‌ام S33X جلو TRA-X",brake-discs,mvm,2026-09-14,563557500,56355750
AMO-017,"دیسک چرخ ام‌وی‌ام 110 جلو",brake-discs,mvm,2026-06-29,158050000,15805000
AMO-017,"دیسک چرخ ام‌وی‌ام 110 جلو",brake-discs,mvm,2026-07-06,163130000,16313000
AMO-017,"دیسک چرخ ام‌وی‌ام 110 جلو",brake-discs,mvm,2026-07-13,168570000,16857000
AMO-017,"دیسک چرخ ام‌وی‌ام 110 جلو",brake-discs,mvm,2026-07-20,169940000,16994000
AMO-017,"دیسک چرخ ام‌وی‌ام 110 جلو",brake-discs,mvm,2026-07-27,177190000,17719000
AMO-017,"دیسک چرخ ام‌وی‌ام 110 جلو",brake-discs,mvm,2026-08-03,174855000,17485500
AMO-017,"دیسک چرخ ام‌وی‌ام 110 جلو",brake-discs,mvm,2026-08-10,175860000,17586000
AMO-017,"دیسک چرخ ام‌وی‌ام 110 جلو",brake-discs,mvm,2026-08-17,174385000,17438500
AMO-017,"دیسک چرخ ام‌وی‌ام 110 جلو",brake-discs,mvm,2026-08-24,180255000,18025500
AMO-017,"دیسک چرخ ام‌وی‌ام 110 جلو",brake-discs,mvm,2026-08-31,188595000,18859500
AMO-017,"دیسک چرخ ام‌وی‌ام 110 جلو",brake-discs,mvm,2026-09-07,190695000,19069500
AMO-017,"دیسک چرخ ام‌وی‌ام 110 جلو",brake-discs,mvm,2026-09-14,196020000,19602000
AMO-018,"دیسک چرخ ام‌وی‌ام 315 جلو",brake-discs,mvm,2026-06-29,311760000,31176000
AMO-018,"دیسک چرخ ام‌وی‌ام 315 جلو",brake-discs,mvm,2026-07-06,317000000,31700000
AMO-018,"دیسک چرخ ام‌وی‌ام 315 جلو",brake-discs,mvm,2026-07-13,316475000,31647500
AMO-018,"دیسک چرخ ام‌وی‌ام 315 جلو",brake-discs,mvm,2026-07-20,320215000,32021500
AMO-018,"دیسک چرخ ام‌وی‌ام 315 جلو",brake-discs,mvm,2026-07-27,330155000,33015500
AMO-018,"دیسک چرخ ام‌وی‌ام 315 جلو",brake-discs,mvm,2026-08-03,338305000,33830500
AMO-018,"دیسک چرخ ام‌وی‌ام 315 جلو",brake-discs,mvm,2026-08-10,346910000,34691000
AMO-018,"دیسک چرخ ام‌وی‌ام 315 جلو",brake-discs,mvm,2026-08-17,349175000,34917500
AMO-018,"دیسک چرخ ام‌وی‌ام 315 جلو",brake-discs,mvm,2026-08-24,353775000,35377500
AMO-018,"دیسک چرخ ام‌وی‌ام 315 جلو",brake-discs,mvm,2026-08-31,353565000,35356500
AMO-018,"دیسک چرخ ام‌وی‌ام 315 جلو",brake-discs,mvm,2026-09-07,353570000,35357000
AMO-018,"دیسک چرخ ام‌وی‌ام 315 جلو",brake-discs,mvm,2026-09-14,359370000,35937000
AMO-019,"دیسک چرخ ام‌وی‌ام 315 جلو TRA-X",brake-discs,mvm,2026-06-29,346910000,34691000
AMO-019,"دیسک چرخ ام‌وی‌ام 315 جلو TRA-X",brake-discs,mvm,2026-07-06,355515000,35551500
AMO-019,"دیسک چرخ ام‌وی‌ام 315 جلو TRA-X",brake-discs,mvm,2026-07-13,363580000,36358000
AMO-019,"دیسک چرخ ام‌وی‌ام 315 جلو TRA-X",brake-discs,mvm,2026-07-20,365565000,36556500
AMO-019,"دیسک چرخ ام‌وی‌ام 315 جلو TRA-X",brake-discs,mvm,2026-07-27,372535000,37253500
AMO-019,"دیسک چرخ ام‌وی‌ام 315 جلو TRA-X",brake-discs,mvm,2026-08-03,373045000,37304500
AMO-019,"دیسک چرخ ام‌وی‌ام 315 جلو TRA-X",brake-discs,mvm,2026-08-10,375250000,37525000
AMO-019,"دیسک چرخ ام‌وی‌ام 315 جلو TRA-X",brake-discs,mvm,2026-08-17,382685000,38268500
AMO-019,"دیسک چرخ ام‌وی‌ام 315 جلو TRA-X",brake-discs,mvm,2026-08-24,394780000,39478000
AMO-019,"دیسک چرخ ام‌وی‌ام 315 جلو TRA-X",brake-discs,mvm,2026-08-31,397650000,39765000
AMO-019,"دیسک چرخ ام‌وی‌ام 315 جلو TRA-X",brake-discs,mvm,2026-09-07,403665000,40366500
AMO-019,"دیسک چرخ ام‌وی‌ام 315 جلو TRA-X",brake-discs,mvm,2026-09-14,408375000,40837500
AMO-020,"دیسک چرخ ام‌وی‌ام 530 جلو",brake-discs,mvm,2026-06-29,286175000,28617500
AMO-020,"دیسک چرخ ام‌وی‌ام 530 جلو",brake-discs,mvm,2026-07-06,282885000,28288500
AMO-020,"دیسک چرخ ام‌وی‌ام 530 جلو",brake-discs,mvm,2026-07-13,285225000,28522500
AMO-020,"دیسک چرخ ام‌وی‌ام 530 جلو",brake-discs,mvm,2026-07-20,286740000,28674000
AMO-020,"دیسک چرخ ام‌وی‌ام 530 جلو",brake-discs,mvm,2026-07-27,298655000,29865500
AMO-020,"دیسک چرخ ام‌وی‌ام 530 جلو",brake-discs,mvm,2026-08-03,313820000,31382000
AMO-020,"دیسک چرخ ام‌وی‌ام 530 جلو",brake-discs,mvm,2026-08-10,316210000,31621000
AMO-020,"دیسک چرخ ام‌وی‌ام 530 جلو",brake-discs,mvm,2026-08-17,326435000,32643500
AMO-020,"دیسک چرخ ام‌وی‌ام 530 جلو",brake-discs,mvm,2026-08-24,345700000,34570000
AMO-020,"دیسک چرخ ام‌وی‌ام 530 جلو",brake-discs,mvm,2026-08-31,343890000,34389000
AMO-020,"دیسک چرخ ام‌وی‌ام 530 جلو",brake-discs,mvm,2026-09-07,363165000,36316500
AMO-020,"دیسک چرخ ام‌وی‌ام 530 جلو",brake-discs,mvm,2026-09-14,359370000,35937000
AMO-021,"دیسک چرخ جک 5J جلو",brake-discs,jac,2026-06-29,379110000,37911000
AMO-021,"دیسک چرخ جک 5J جلو",brake-discs,jac,2026-07-06,385035000,38503500
AMO-021,"دیسک چرخ جک 5J جلو",brake-discs,jac,2026-07-13,392190000,39219000
AMO-021,"دیسک چرخ جک 5J جلو",brake-discs,jac,2026-07-20,389065000,38906500
AMO-021,"دیسک چرخ جک 5J جلو",brake-discs,jac,2026-07-27,388260000,38826000
AMO-021,"دیسک چرخ جک 5J جلو",brake-discs,jac,2026-08-03,412000000,41200000
AMO-021,"دیسک چرخ جک 5J جلو",brake-discs,jac,2026-08-10,435280000,43528000
AMO-021,"دیسک چرخ جک 5J جلو",brake-discs,jac,2026-08-17,440985000,44098500
AMO-021,"دیسک چرخ جک 5J جلو",brake-discs,jac,2026-08-24,443235000,44323500
AMO-021,"دیسک چرخ جک 5J جلو",brake-discs,jac,2026-08-31,452780000,45278000
AMO-021,"دیسک چرخ جک 5J جلو",brake-discs,jac,2026-09-07,458140000,45814000
AMO-021,"دیسک چرخ جک 5J جلو",brake-discs,jac,2026-09-14,465547500,46554750
AMO-022,"دیسک چرخ جک 5J عقب",brake-discs,jac,2026-06-29,354130000,35413000
AMO-022,"دیسک چرخ جک 5J عقب",brake-discs,jac,2026-07-06,357050000,35705000
AMO-022,"دیسک چرخ جک 5J عقب",brake-discs,jac,2026-07-13,364515000,36451500
AMO-022,"دیسک چرخ جک 5J عقب",brake-discs,jac,2026-07-20,375540000,37554000
AMO-022,"دیسک چرخ جک 5J عقب",brake-discs,jac,2026-07-27,389400000,38940000
AMO-022,"دیسک چرخ جک 5J عقب",brake-discs,jac,2026-08-03,403600000,40360000
AMO-022,"دیسک چرخ جک 5J عقب",brake-discs,jac,2026-08-10,414820000,41482000
AMO-022,"دیسک چرخ جک 5J عقب",brake-discs,jac,2026-08-17,418425000,41842500
AMO-022,"دیسک چرخ جک 5J عقب",brake-discs,jac,2026-08-24,421315000,42131500
AMO-022,"دیسک چرخ جک 5J عقب",brake-discs,jac,2026-08-31,421700000,42170000
AMO-022,"دیسک چرخ جک 5J عقب",brake-discs,jac,2026-09-07,419650000,41965000
AMO-022,"دیسک چرخ جک 5J عقب",brake-discs,jac,2026-09-14,416542500,41654250
AMO-023,"دیسک چرخ جک 5S جلو",brake-discs,jac,2026-06-29,461985000,46198500
AMO-023,"دیسک چرخ جک 5S جلو",brake-discs,jac,2026-07-06,471780000,47178000
AMO-023,"دیسک چرخ جک 5S جلو",brake-discs,jac,2026-07-13,479875000,47987500
AMO-023,"دیسک چرخ جک 5S جلو",brake-discs,jac,2026-07-20,487095000,48709500
AMO-023,"دیسک چرخ جک 5S جلو",brake-discs,jac,2026-07-27,494515000,49451500
AMO-023,"دیسک چرخ جک 5S جلو",brake-discs,jac,2026-08-03,493765000,49376500
AMO-023,"دیسک چرخ جک 5S جلو",brake-discs,jac,2026-08-10,505665000,50566500
AMO-023,"دیسک چرخ جک 5S جلو",brake-discs,jac,2026-08-17,513270000,51327000
AMO-023,"دیسک چرخ جک 5S جلو",brake-discs,jac,2026-08-24,524355000,52435500
AMO-023,"دیسک چرخ جک 5S جلو",brake-discs,jac,2026-08-31,523355000,52335500
AMO-023,"دیسک چرخ جک 5S جلو",brake-discs,jac,2026-09-07,542115000,54211500
AMO-023,"دیسک چرخ جک 5S جلو",brake-discs,jac,2026-09-14,539055000,53905500
AMO-024,"دیسک چرخ جک 5S عقب",brake-discs,jac,2026-06-29,291640000,29164000
AMO-024,"دیسک چرخ جک 5S عقب",brake-discs,jac,2026-07-06,289790000,28979000
AMO-024,"دیسک چرخ جک 5S عقب",brake-discs,jac,2026-07-13,286690000,28669000
AMO-024,"دیسک چرخ جک 5S عقب",brake-discs,jac,2026-07-20,290855000,29085500
AMO-024,"دیسک چرخ جک 5S عقب",brake-discs,jac,2026-07-27,293985000,29398500
AMO-024,"دیسک چرخ جک 5S عقب",brake-discs,jac,2026-08-03,308055000,30805500
AMO-024,"دیسک چرخ جک 5S عقب",brake-discs,jac,2026-08-10,306280000,30628000
AMO-024,"دیسک چرخ جک 5S عقب",brake-discs,jac,2026-08-17,314370000,31437000
AMO-024,"دیسک چرخ جک 5S عقب",brake-discs,jac,2026-08-24,329690000,32969000
AMO-024,"دیسک چرخ جک 5S عقب",brake-discs,jac,2026-08-31,340405000,34040500
AMO-024,"دیسک چرخ جک 5S عقب",brake-discs,jac,2026-09-07,348805000,34880500
AMO-024,"دیسک چرخ جک 5S عقب",brake-discs,jac,2026-09-14,359370000,35937000
AMO-025,"دیسک چرخ جک 4J جلو",brake-discs,jac,2026-06-29,328545000,32854500
AMO-025,"دیسک چرخ جک 4J جلو",brake-discs,jac,2026-07-06,331635000,33163500
AMO-025,"دیسک چرخ جک 4J جلو",brake-discs,jac,2026-07-13,331430000,33143000
AMO-025,"دیسک چرخ جک 4J جلو",brake-discs,jac,2026-07-20,333260000,33326000
AMO-025,"دیسک چرخ جک 4J جلو",brake-discs,jac,2026-07-27,341670000,34167000
AMO-025,"دیسک چرخ جک 4J جلو",brake-discs,jac,2026-08-03,350735000,35073500
AMO-025,"دیسک چرخ جک 4J جلو",brake-discs,jac,2026-08-10,352220000,35222000
AMO-025,"دیسک چرخ جک 4J جلو",brake-discs,jac,2026-08-17,363840000,36384000
AMO-025,"دیسک چرخ جک 4J جلو",brake-discs,jac,2026-08-24,371260000,37126000
AMO-025,"دیسک چرخ جک 4J جلو",brake-discs,jac,2026-08-31,382425000,38242500
AMO-025,"دیسک چرخ جک 4J جلو",brake-discs,jac,2026-09-07,384540000,38454000
AMO-025,"دیسک چرخ جک 4J جلو",brake-discs,jac,2026-09-14,400207500,40020750
AMO-026,"دیسک چرخ جک 4J عقب",brake-discs,jac,2026-06-29,315625000,31562500
AMO-026,"دیسک چرخ جک 4J عقب",brake-discs,jac,2026-07-06,316495000,31649500
AMO-026,"دیسک چرخ جک 4J عقب",brake-discs,jac,2026-07-13,326245000,32624500
AMO-026,"دیسک چرخ جک 4J عقب",brake-discs,jac,2026-07-20,332085000,33208500
AMO-026,"دیسک چرخ جک 4J عقب",brake-discs,jac,2026-07-27,337285000,33728500
AMO-026,"دیسک چرخ جک 4J عقب",brake-discs,jac,2026-08-03,350270000,35027000
AMO-026,"دیسک چرخ جک 4J عقب",brake-discs,jac,2026-08-10,353235000,35323500
AMO-026,"دیسک چرخ جک 4J عقب",brake-discs,jac,2026-08-17,361750000,36175000
AMO-026,"دیسک چرخ جک 4J عقب",brake-discs,jac,2026-08-24,376035000,37603500
AMO-026,"دیسک چرخ جک 4J عقب",brake-discs,jac,2026-08-31,383140000,38314000
AMO-026,"دیسک چرخ جک 4J عقب",brake-discs,jac,2026-09-07,385620000,38562000
AMO-026,"دیسک چرخ جک 4J عقب",brake-discs,jac,2026-09-14,383872500,38387250
AMO-027,"دیسک چرخ جک 3S جلو",brake-discs,jac,2026-06-29,309905000,30990500
AMO-027,"دیسک چرخ جک 3S جلو",brake-discs,jac,2026-07-06,312895000,31289500
AMO-027,"دیسک چرخ جک 3S جلو",brake-discs,jac,2026-07-13,322290000,32229000
AMO-027,"دیسک چرخ جک 3S جلو",brake-discs,jac,2026-07-20,331510000,33151000
AMO-027,"دیسک چرخ جک 3S جلو",brake-discs,jac,2026-07-27,337485000,33748500
AMO-027,"دیسک چرخ جک 3S جلو",brake-discs,jac,2026-08-03,345220000,34522000
AMO-027,"دیسک چرخ جک 3S جلو",brake-discs,jac,2026-08-10,355645000,35564500
AMO-027,"دیسک چرخ جک 3S جلو",brake-discs,jac,2026-08-17,356830000,35683000
AMO-027,"دیسک چرخ جک 3S جلو",brake-discs,jac,2026-08-24,362640000,36264000
AMO-027,"دیسک چرخ جک 3S جلو",brake-discs,jac,2026-08-31,366885000,36688500
AMO-027,"دیسک چرخ جک 3S جلو",brake-discs,jac,2026-09-07,378425000,37842500
AMO-027,"دیسک چرخ جک 3S جلو",brake-discs,jac,2026-09-14,374000000,37400000
AMO-028,"دیسک چرخ جک 3S جلو TRA-X",brake-discs,jac,2026-06-29,355405000,35540500
AMO-028,"دیسک چرخ جک 3S جلو TRA-X",brake-discs,jac,2026-07-06,356935000,35693500
AMO-028,"دیسک چرخ جک 3S جلو TRA-X",brake-discs,jac,2026-07-13,364255000,36425500
AMO-028,"دیسک چرخ جک 3S جلو TRA-X",brake-discs,jac,2026-07-20,372895000,37289500
AMO-028,"دیسک چرخ جک 3S جلو TRA-X",brake-discs,jac,2026-07-27,375045000,37504500
AMO-028,"دیسک چرخ جک 3S جلو TRA-X",brake-discs,jac,2026-08-03,383540000,38354000
AMO-028,"دیسک چرخ جک 3S جلو TRA-X",brake-discs,jac,2026-08-10,388525000,38852500
AMO-028,"دیسک چرخ جک 3S جلو TRA-X",brake-discs,jac,2026-08-17,391235000,39123500
AMO-028,"دیسک چرخ جک 3S جلو TRA-X",brake-discs,jac,2026-08-24,397110000,39711000
AMO-028,"دیسک چرخ جک 3S جلو TRA-X",brake-discs,jac,2026-08-31,402860000,40286000
AMO-028,"دیسک چرخ جک 3S جلو TRA-X",brake-discs,jac,2026-09-07,411875000,41187500
AMO-028,"دیسک چرخ جک 3S جلو TRA-X",brake-discs,jac,2026-09-14,407000000,40700000
AMO-029,"دیسک چرخ جک 3S عقب",brake-discs,jac,2026-06-29,321275000,32127500
AMO-029,"دیسک چرخ جک 3S عقب",brake-discs,jac,2026-07-06,325895000,32589500
AMO-029,"دیسک چرخ جک 3S عقب",brake-discs,jac,2026-07-13,337825000,33782500
AMO-029,"دیسک چرخ جک 3S عقب",brake-discs,jac,2026-07-20,343840000,34384000
AMO-029,"دیسک چرخ جک 3S عقب",brake-discs,jac,2026-07-27,348920000,34892000
AMO-029,"دیسک چرخ جک 3S عقب",brake-discs,jac,2026-08-03,354500000,35450000
AMO-029,"دیسک چرخ جک 3S عقب",brake-discs,jac,2026-08-10,352140000,35214000
AMO-029,"دیسک چرخ جک 3S عقب",brake-discs,jac,2026-08-17,360475000,36047500
AMO-029,"دیسک چرخ جک 3S عقب",brake-discs,jac,2026-08-24,365655000,36565500
AMO-029,"دیسک چرخ جک 3S عقب",brake-discs,jac,2026-08-31,378745000,37874500
AMO-029,"دیسک چرخ جک 3S عقب",brake-discs,jac,2026-09-07,381125000,38112500
AMO-029,"دیسک چرخ جک 3S عقب",brake-discs,jac,2026-09-14,385000000,38500000
AMO-030,"دیسک چرخ چری آریزو 5 آریزو 6 جلو",brake-discs,chery,2026-06-29,432940000,43294000
AMO-030,"دیسک چرخ چری آریزو 5 آریزو 6 جلو",brake-discs,chery,2026-07-06,438495000,43849500
AMO-030,"دیسک چرخ چری آریزو 5 آریزو 6 جلو",brake-discs,chery,2026-07-13,444660000,44466000
AMO-030,"دیسک چرخ چری آریزو 5 آریزو 6 جلو",brake-discs,chery,2026-07-20,454435000,45443500
AMO-030,"دیسک چرخ چری آریزو 5 آریزو 6 جلو",brake-discs,chery,2026-07-27,458975000,45897500
AMO-030,"دیسک چرخ چری آریزو 5 آریزو 6 جلو",brake-discs,chery,2026-08-03,472240000,47224000
AMO-030,"دیسک چرخ چری آریزو 5 آریزو 6 جلو",brake-discs,chery,2026-08-10,482430000,48243000
AMO-030,"دیسک چرخ چری آریزو 5 آریزو 6 جلو",brake-discs,chery,2026-08-17,489015000,48901500
AMO-030,"دیسک چرخ چری آریزو 5 آریزو 6 جلو",brake-discs,chery,2026-08-24,488625000,48862500
AMO-030,"دیسک چرخ چری آریزو 5 آریزو 6 جلو",brake-discs,chery,2026-08-31,498275000,49827500
AMO-030,"دیسک چرخ چری آریزو 5 آریزو 6 جلو",brake-discs,chery,2026-09-07,508620000,50862000
AMO-030,"دیسک چرخ چری آریزو 5 آریزو 6 جلو",brake-discs,chery,2026-09-14,506385000,50638500
AMO-031,"دیسک چرخ چری آریزو 5 آریزو 6 جلو TRA-X",brake-discs,chery,2026-06-29,444770000,44477000
AMO-031,"دیسک چرخ چری آریزو 5 آریزو 6 جلو TRA-X",brake-discs,chery,2026-07-06,450850000,45085000
AMO-031,"دیسک چرخ چری آریزو 5 آریزو 6 جلو TRA-X",brake-discs,chery,2026-07-13,464060000,46406000
AMO-031,"دیسک چرخ چری آریزو 5 آریزو 6 جلو TRA-X",brake-discs,chery,2026-07-20,481245000,48124500
AMO-031,"دیسک چرخ چری آریزو 5 آریزو 6 جلو TRA-X",brake-discs,chery,2026-07-27,495435000,49543500
AMO-031,"دیسک چرخ چری آریزو 5 آریزو 6 جلو TRA-X",brake-discs,chery,2026-08-03,497400000,49740000
AMO-031,"دیسک چرخ چری آریزو 5 آریزو 6 جلو TRA-X",brake-discs,chery,2026-08-10,506345000,50634500
AMO-031,"دیسک چرخ چری آریزو 5 آریزو 6 جلو TRA-X",brake-discs,chery,2026-08-17,523640000,52364000
AMO-031,"دیسک چرخ چری آریزو 5 آریزو 6 جلو TRA-X",brake-discs,chery,2026-08-24,522145000,52214500
AMO-031,"دیسک چرخ چری آریزو 5 آریزو 6 جلو TRA-X",brake-discs,chery,2026-08-31,541760000,54176000
AMO-031,"دیسک چرخ چری آریزو 5 آریزو 6 جلو TRA-X",brake-discs,chery,2026-09-07,539825000,53982500
AMO-031,"دیسک چرخ چری آریزو 5 آریزو 6 جلو TRA-X",brake-discs,chery,2026-09-14,547222500,54722250
AMO-032,"دیسک چرخ چری آریزو 6 عقب",brake-discs,chery,2026-06-29,338585000,33858500
AMO-032,"دیسک چرخ چری آریزو 6 عقب",brake-discs,chery,2026-07-06,347220000,34722000
AMO-032,"دیسک چرخ چری آریزو 6 عقب",brake-discs,chery,2026-07-13,347395000,34739500
AMO-032,"دیسک چرخ چری آریزو 6 عقب",brake-discs,chery,2026-07-20,349665000,34966500
AMO-032,"دیسک چرخ چری آریزو 6 عقب",brake-discs,chery,2026-07-27,355225000,35522500
AMO-032,"دیسک چرخ چری آریزو 6 عقب",brake-discs,chery,2026-08-03,354355000,35435500
AMO-032,"دیسک چرخ چری آریزو 6 عقب",brake-discs,chery,2026-08-10,357850000,35785000
AMO-032,"دیسک چرخ چری آریزو 6 عقب",brake-discs,chery,2026-08-17,366975000,36697500
AMO-032,"دیسک چرخ چری آریزو 6 عقب",brake-discs,chery,2026-08-24,372990000,37299000
AMO-032,"دیسک چرخ چری آریزو 6 عقب",brake-discs,chery,2026-08-31,380710000,38071000
AMO-032,"دیسک چرخ چری آریزو 6 عقب",brake-discs,chery,2026-09-07,387280000,38728000
AMO-032,"دیسک چرخ چری آریزو 6 عقب",brake-discs,chery,2026-09-14,392040000,39204000
AMO-033,"دیسک چرخ چری آریزو 6 عقب TRA-X",brake-discs,chery,2026-06-29,349690000,34969000
AMO-033,"دیسک چرخ چری آریزو 6 عقب TRA-X",brake-discs,chery,2026-07-06,362310000,36231000
AMO-033,"دیسک چرخ چری آریزو 6 عقب TRA-X",brake-discs,chery,2026-07-13,360660000,36066000
AMO-033,"دیسک چرخ چری آریزو 6 عقب TRA-X",brake-discs,chery,2026-07-20,376605000,37660500
AMO-033,"دیسک چرخ چری آریزو 6 عقب TRA-X",brake-discs,chery,2026-07-27,381010000,38101000
AMO-033,"دیسک چرخ چری آریزو 6 عقب TRA-X",brake-discs,chery,2026-08-03,406740000,40674000
AMO-033,"دیسک چرخ چری آریزو 6 عقب TRA-X",brake-discs,chery,2026-08-10,402010000,40201000
AMO-033,"دیسک چرخ چری آریزو 6 عقب TRA-X",brake-discs,chery,2026-08-17,425610000,42561000
AMO-033,"دیسک چرخ چری آریزو 6 عقب TRA-X",brake-discs,chery,2026-08-24,420810000,42081000
AMO-033,"دیسک چرخ چری آریزو 6 عقب TRA-X",brake-discs,chery,2026-08-31,426625000,42662500
AMO-033,"دیسک چرخ چری آریزو 6 عقب TRA-X",brake-discs,chery,2026-09-07,435685000,43568500
AMO-033,"دیسک چرخ چری آریزو 6 عقب TRA-X",brake-discs,chery,2026-09-14,432877500,43287750
AMO-034,"دیسک چرخ چری آریزو 5 عقب",brake-discs,chery,2026-06-29,428900000,42890000
AMO-034,"دیسک چرخ چری آریزو 5 عقب",brake-discs,chery,2026-07-06,436835000,43683500
AMO-034,"دیسک چرخ چری آریزو 5 عقب",brake-discs,chery,2026-07-13,436670000,43667000
AMO-034,"دیسک چرخ چری آریزو 5 عقب",brake-discs,chery,2026-07-20,434045000,43404500
AMO-034,"دیسک چرخ چری آریزو 5 عقب",brake-discs,chery,2026-07-27,439285000,43928500
AMO-034,"دیسک چرخ چری آریزو 5 عقب",brake-discs,chery,2026-08-03,437970000,43797000
AMO-034,"دیسک چرخ چری آریزو 5 عقب",brake-discs,chery,2026-08-10,449155000,44915500
AMO-034,"دیسک چرخ چری آریزو 5 عقب",brake-discs,chery,2026-08-17,459450000,45945000
AMO-034,"دیسک چرخ چری آریزو 5 عقب",brake-discs,chery,2026-08-24,475980000,47598000
AMO-034,"دیسک چرخ چری آریزو 5 عقب",brake-discs,chery,2026-08-31,476850000,47685000
AMO-034,"دیسک چرخ چری آریزو 5 عقب",brake-discs,chery,2026-09-07,494200000,49420000
AMO-034,"دیسک چرخ چری آریزو 5 عقب",brake-discs,chery,2026-09-14,495000000,49500000
AMO-035,"دیسک چرخ ریسپکت جلو",brake-discs,respect,2026-06-29,437695000,43769500
AMO-035,"دیسک چرخ ریسپکت جلو",brake-discs,respect,2026-07-06,452850000,45285000
AMO-035,"دیسک چرخ ریسپکت جلو",brake-discs,respect,2026-07-13,457370000,45737000
AMO-035,"دیسک چرخ ریسپکت جلو",brake-discs,respect,2026-07-20,476370000,47637000
AMO-035,"دیسک چرخ ریسپکت جلو",brake-discs,respect,2026-07-27,478245000,47824500
AMO-035,"دیسک چرخ ریسپکت جلو",brake-discs,respect,2026-08-03,470410000,47041000
AMO-035,"دیسک چرخ ریسپکت جلو",brake-discs,respect,2026-08-10,471855000,47185500
AMO-035,"دیسک چرخ ریسپکت جلو",brake-discs,respect,2026-08-17,476770000,47677000
AMO-035,"دیسک چرخ ریسپکت جلو",brake-discs,respect,2026-08-24,469370000,46937000
AMO-035,"دیسک چرخ ریسپکت جلو",brake-discs,respect,2026-08-31,478115000,47811500
AMO-035,"دیسک چرخ ریسپکت جلو",brake-discs,respect,2026-09-07,515540000,51554000
AMO-035,"دیسک چرخ ریسپکت جلو",brake-discs,respect,2026-09-14,506385000,50638500
AMO-036,"دیسک چرخ ریسپکت جلو TRA-X",brake-discs,respect,2026-06-29,441055000,44105500
AMO-036,"دیسک چرخ ریسپکت جلو TRA-X",brake-discs,respect,2026-07-06,459590000,45959000
AMO-036,"دیسک چرخ ریسپکت جلو TRA-X",brake-discs,respect,2026-07-13,463390000,46339000
AMO-036,"دیسک چرخ ریسپکت جلو TRA-X",brake-discs,respect,2026-07-20,465670000,46567000
AMO-036,"دیسک چرخ ریسپکت جلو TRA-X",brake-discs,respect,2026-07-27,469760000,46976000
AMO-036,"دیسک چرخ ریسپکت جلو TRA-X",brake-discs,respect,2026-08-03,489625000,48962500
AMO-036,"دیسک چرخ ریسپکت جلو TRA-X",brake-discs,respect,2026-08-10,499985000,49998500
AMO-036,"دیسک چرخ ریسپکت جلو TRA-X",brake-discs,respect,2026-08-17,513395000,51339500
AMO-036,"دیسک چرخ ریسپکت جلو TRA-X",brake-discs,respect,2026-08-24,523065000,52306500
AMO-036,"دیسک چرخ ریسپکت جلو TRA-X",brake-discs,respect,2026-08-31,534940000,53494000
AMO-036,"دیسک چرخ ریسپکت جلو TRA-X",brake-discs,respect,2026-09-07,532750000,53275000
AMO-036,"دیسک چرخ ریسپکت جلو TRA-X",brake-discs,respect,2026-09-14,547222500,54722250
AMO-037,"دیسک چرخ چری تی 5 جلو",brake-discs,chery,2026-06-29,498560000,49856000
AMO-037,"دیسک چرخ چری تی 5 جلو",brake-discs,chery,2026-07-06,509365000,50936500
AMO-037,"دیسک چرخ چری تی 5 جلو",brake-discs,chery,2026-07-13,510055000,51005500
AMO-037,"دیسک چرخ چری تی 5 جلو",brake-discs,chery,2026-07-20,519650000,51965000
AMO-037,"دیسک چرخ چری تی 5 جلو",brake-discs,chery,2026-07-27,536755000,53675500
AMO-037,"دیسک چرخ چری تی 5 جلو",brake-discs,chery,2026-08-03,540095000,54009500
AMO-037,"دیسک چرخ چری تی 5 جلو",brake-discs,chery,2026-08-10,550345000,55034500
AMO-037,"دیسک چرخ چری تی 5 جلو",brake-discs,chery,2026-08-17,563470000,56347000
AMO-037,"دیسک چرخ چری تی 5 جلو",brake-discs,chery,2026-08-24,567640000,56764000
AMO-037,"دیسک چرخ چری تی 5 جلو",brake-discs,chery,2026-08-31,567840000,56784000
AMO-037,"دیسک چرخ چری تی 5 جلو",brake-discs,chery,2026-09-07,573375000,57337500
AMO-037,"دیسک چرخ چری تی 5 جلو",brake-discs,chery,2026-09-14,579150000,57915000
AMO-038,"دیسک چرخ چری تی 5 جلو TRA-X",brake-discs,chery,2026-06-29,518870000,51887000
AMO-038,"دیسک چرخ چری تی 5 جلو TRA-X",brake-discs,chery,2026-07-06,522180000,52218000
AMO-038,"دیسک چرخ چری تی 5 جلو TRA-X",brake-discs,chery,2026-07-13,535815000,53581500
AMO-038,"دیسک چرخ چری تی 5 جلو TRA-X",brake-discs,chery,2026-07-20,545465000,54546500
AMO-038,"دیسک چرخ چری تی 5 جلو TRA-X",brake-discs,chery,2026-07-27,541065000,54106500
AMO-038,"دیسک چرخ چری تی 5 جلو TRA-X",brake-discs,chery,2026-08-03,538605000,53860500
AMO-038,"دیسک چرخ چری تی 5 جلو TRA-X",brake-discs,chery,2026-08-10,539005000,53900500
AMO-038,"دیسک چرخ چری تی 5 جلو TRA-X",brake-discs,chery,2026-08-17,570745000,57074500
AMO-038,"دیسک چرخ چری تی 5 جلو TRA-X",brake-discs,chery,2026-08-24,580015000,58001500
AMO-038,"دیسک چرخ چری تی 5 جلو TRA-X",brake-discs,chery,2026-08-31,616010000,61601000
AMO-038,"دیسک چرخ چری تی 5 جلو TRA-X",brake-discs,chery,2026-09-07,622760000,62276000
AMO-038,"دیسک چرخ چری تی 5 جلو TRA-X",brake-discs,chery,2026-09-14,608850000,60885000
AMO-039,"دیسک چرخ چری تی 5 عقب",brake-discs,chery,2026-06-29,406050000,40605000
AMO-039,"دیسک چرخ چری تی 5 عقب",brake-discs,chery,2026-07-06,412660000,41266000
AMO-039,"دیسک چرخ چری تی 5 عقب",brake-discs,chery,2026-07-13,408890000,40889000
AMO-039,"دیسک چرخ چری تی 5 عقب",brake-discs,chery,2026-07-20,429915000,42991500
AMO-039,"دیسک چرخ چری تی 5 عقب",brake-discs,chery,2026-07-27,434820000,43482000
AMO-039,"دیسک چرخ چری تی 5 عقب",brake-discs,chery,2026-08-03,436725000,43672500
AMO-039,"دیسک چرخ چری تی 5 عقب",brake-discs,chery,2026-08-10,432025000,43202500
AMO-039,"دیسک چرخ چری تی 5 عقب",brake-discs,chery,2026-08-17,429010000,42901000
AMO-039,"دیسک چرخ چری تی 5 عقب",brake-discs,chery,2026-08-24,458265000,45826500
AMO-039,"دیسک چرخ چری تی 5 عقب",brake-discs,chery,2026-08-31,447385000,44738500
AMO-039,"دیسک چرخ چری تی 5 عقب",brake-discs,chery,2026-09-07,475955000,47595500
AMO-039,"دیسک چرخ چری تی 5 عقب",brake-discs,chery,2026-09-14,495000000,49500000
AMO-040,"دیسک چرخ فیدیلیتی پرایم جلو",brake-discs,fidelity,2026-06-29,473255000,47325500
AMO-040,"دیسک چرخ فیدیلیتی پرایم جلو",brake-discs,fidelity,2026-07-06,476410000,47641000
AMO-040,"دیسک چرخ فیدیلیتی پرایم جلو",brake-discs,fidelity,2026-07-13,495525000,49552500
AMO-040,"دیسک چرخ فیدیلیتی پرایم جلو",brake-discs,fidelity,2026-07-20,506625000,50662500
AMO-040,"دیسک چرخ فیدیلیتی پرایم جلو",brake-discs,fidelity,2026-07-27,509220000,50922000
AMO-040,"دیسک چرخ فیدیلیتی پرایم جلو",brake-discs,fidelity,2026-08-03,509345000,50934500
AMO-040,"دیسک چرخ فیدیلیتی پرایم جلو",brake-discs,fidelity,2026-08-10,532260000,53226000
AMO-040,"دیسک چرخ فیدیلیتی پرایم جلو",brake-discs,fidelity,2026-08-17,535575000,53557500
AMO-040,"دیسک چرخ فیدیلیتی پرایم جلو",brake-discs,fidelity,2026-08-24,556585000,55658500
AMO-040,"دیسک چرخ فیدیلیتی پرایم جلو",brake-discs,fidelity,2026-08-31,569665000,56966500
AMO-040,"دیسک چرخ فیدیلیتی پرایم جلو",brake-discs,fidelity,2026-09-07,565515000,56551500
AMO-040,"دیسک چرخ فیدیلیتی پرایم جلو",brake-discs,fidelity,2026-09-14,579150000,57915000
AMO-041,"دیسک چرخ فیدیلیتی پرایم جلو TRA-X",brake-discs,fidelity,2026-06-29,492785000,49278500
AMO-041,"دیسک چرخ فیدیلیتی پرایم جلو TRA-X",brake-discs,fidelity,2026-07-06,518585000,51858500
AMO-041,"دیسک چرخ فیدیلیتی پرایم جلو TRA-X",brake-discs,fidelity,2026-07-13,515175000,51517500
AMO-041,"دیسک چرخ فیدیلیتی پرایم جلو TRA-X",brake-discs,fidelity,2026-07-20,524610000,52461000
AMO-041,"دیسک چرخ فیدیلیتی پرایم جلو TRA-X",brake-discs,fidelity,2026-07-27,538350000,53835000
AMO-041,"دیسک چرخ فیدیلیتی پرایم جلو TRA-X",brake-discs,fidelity,2026-08-03,542605000,54260500
AMO-041,"دیسک چرخ فیدیلیتی پرایم جلو TRA-X",brake-discs,fidelity,2026-08-10,563160000,56316000
AMO-041,"دیسک چرخ فیدیلیتی پرایم جلو TRA-X",brake-discs,fidelity,2026-08-17,590070000,59007000
AMO-041,"دیسک چرخ فیدیلیتی پرایم جلو TRA-X",brake-discs,fidelity,2026-08-24,594880000,59488000
AMO-041,"دیسک چرخ فیدیلیتی پرایم جلو TRA-X",brake-discs,fidelity,2026-08-31,612575000,61257500
AMO-041,"دیسک چرخ فیدیلیتی پرایم جلو TRA-X",brake-discs,fidelity,2026-09-07,617725000,61772500
AMO-041,"دیسک چرخ فیدیلیتی پرایم جلو TRA-X",brake-discs,fidelity,2026-09-14,608850000,60885000
AMO-043,"دیسک چرخ لیفان 60X جلو",brake-discs,lifan,2026-06-29,414610000,41461000
AMO-043,"دیسک چرخ لیفان 60X جلو",brake-discs,lifan,2026-07-06,416930000,41693000
AMO-043,"دیسک چرخ لیفان 60X جلو",brake-discs,lifan,2026-07-13,428905000,42890500
AMO-043,"دیسک چرخ لیفان 60X جلو",brake-discs,lifan,2026-07-20,433625000,43362500
AMO-043,"دیسک چرخ لیفان 60X جلو",brake-discs,lifan,2026-07-27,447575000,44757500
AMO-043,"دیسک چرخ لیفان 60X جلو",brake-discs,lifan,2026-08-03,448465000,44846500
AMO-043,"دیسک چرخ لیفان 60X جلو",brake-discs,lifan,2026-08-10,456785000,45678500
AMO-043,"دیسک چرخ لیفان 60X جلو",brake-discs,lifan,2026-08-17,461965000,46196500
AMO-043,"دیسک چرخ لیفان 60X جلو",brake-discs,lifan,2026-08-24,471900000,47190000
AMO-043,"دیسک چرخ لیفان 60X جلو",brake-discs,lifan,2026-08-31,483910000,48391000
AMO-043,"دیسک چرخ لیفان 60X جلو",brake-discs,lifan,2026-09-07,493205000,49320500
AMO-043,"دیسک چرخ لیفان 60X جلو",brake-discs,lifan,2026-09-14,498217500,49821750
AMO-044,"دیسک چرخ لیفان 60X جلو TRA-X",brake-discs,lifan,2026-06-29,441280000,44128000
AMO-044,"دیسک چرخ لیفان 60X جلو TRA-X",brake-discs,lifan,2026-07-06,442445000,44244500
AMO-044,"دیسک چرخ لیفان 60X جلو TRA-X",brake-discs,lifan,2026-07-13,456965000,45696500
AMO-044,"دیسک چرخ لیفان 60X جلو TRA-X",brake-discs,lifan,2026-07-20,470615000,47061500
AMO-044,"دیسک چرخ لیفان 60X جلو TRA-X",brake-discs,lifan,2026-07-27,484980000,48498000
AMO-044,"دیسک چرخ لیفان 60X جلو TRA-X",brake-discs,lifan,2026-08-03,498830000,49883000
AMO-044,"دیسک چرخ لیفان 60X جلو TRA-X",brake-discs,lifan,2026-08-10,512175000,51217500
AMO-044,"دیسک چرخ لیفان 60X جلو TRA-X",brake-discs,lifan,2026-08-17,515040000,51504000
AMO-044,"دیسک چرخ لیفان 60X جلو TRA-X",brake-discs,lifan,2026-08-24,525525000,52552500
AMO-044,"دیسک چرخ لیفان 60X جلو TRA-X",brake-discs,lifan,2026-08-31,532775000,53277500
AMO-044,"دیسک چرخ لیفان 60X جلو TRA-X",brake-discs,lifan,2026-09-07,537325000,53732500
AMO-044,"دیسک چرخ لیفان 60X جلو TRA-X",brake-discs,lifan,2026-09-14,530887500,53088750
AMO-045,"دیسک چرخ لیفان 60X عقب",brake-discs,lifan,2026-06-29,371465000,37146500
AMO-045,"دیسک چرخ لیفان 60X عقب",brake-discs,lifan,2026-07-06,392415000,39241500
AMO-045,"دیسک چرخ لیفان 60X عقب",brake-discs,lifan,2026-07-13,405245000,40524500
AMO-045,"دیسک چرخ لیفان 60X عقب",brake-discs,lifan,2026-07-20,402095000,40209500
AMO-045,"دیسک چرخ لیفان 60X عقب",brake-discs,lifan,2026-07-27,401640000,40164000
AMO-045,"دیسک چرخ لیفان 60X عقب",brake-discs,lifan,2026-08-03,397705000,39770500
AMO-045,"دیسک چرخ لیفان 60X عقب",brake-discs,lifan,2026-08-10,415650000,41565000
AMO-045,"دیسک چرخ لیفان 60X عقب",brake-discs,lifan,2026-08-17,425035000,42503500
AMO-045,"دیسک چرخ لیفان 60X عقب",brake-discs,lifan,2026-08-24,430455000,43045500
AMO-045,"دیسک چرخ لیفان 60X عقب",brake-discs,lifan,2026-08-31,442910000,44291000
AMO-045,"دیسک چرخ لیفان 60X عقب",brake-discs,lifan,2026-09-07,457265000,45726500
AMO-045,"دیسک چرخ لیفان 60X عقب",brake-discs,lifan,2026-09-14,457380000,45738000
AMO-047,"دیسک چرخ لیفان 50X عقب",brake-discs,lifan,2026-06-29,297475000,29747500
AMO-047,"دیسک چرخ لیفان 50X عقب",brake-discs,lifan,2026-07-06,312555000,31255500
AMO-047,"دیسک چرخ لیفان 50X عقب",brake-discs,lifan,2026-07-13,315435000,31543500
AMO-047,"دیسک چرخ لیفان 50X عقب",brake-discs,lifan,2026-07-20,316850000,31685000
AMO-047,"دیسک چرخ لیفان 50X عقب",brake-discs,lifan,2026-07-27,330170000,33017000
AMO-047,"دیسک چرخ لیفان 50X عقب",brake-discs,lifan,2026-08-03,342490000,34249000
AMO-047,"دیسک چرخ لیفان 50X عقب",brake-discs,lifan,2026-08-10,353380000,35338000
AMO-047,"دیسک چرخ لیفان 50X عقب",brake-discs,lifan,2026-08-17,356360000,35636000
AMO-047,"دیسک چرخ لیفان 50X عقب",brake-discs,lifan,2026-08-24,362170000,36217000
AMO-047,"دیسک چرخ لیفان 50X عقب",brake-discs,lifan,2026-08-31,367790000,36779000
AMO-047,"دیسک چرخ لیفان 50X عقب",brake-discs,lifan,2026-09-07,365190000,36519000
AMO-047,"دیسک چرخ لیفان 50X عقب",brake-discs,lifan,2026-09-14,367537500,36753750
AMO-048,"دیسک چرخ لیفان 620 جلو",brake-discs,lifan,2026-06-29,306430000,30643000
AMO-048,"دیسک چرخ لیفان 620 جلو",brake-discs,lifan,2026-07-06,312030000,31203000
AMO-048,"دیسک چرخ لیفان 620 جلو",brake-discs,lifan,2026-07-13,319590000,31959000
AMO-048,"دیسک چرخ لیفان 620 جلو",brake-discs,lifan,2026-07-20,319215000,31921500
AMO-048,"دیسک چرخ لیفان 620 جلو",brake-discs,lifan,2026-07-27,326145000,32614500
AMO-048,"دیسک چرخ لیفان 620 جلو",brake-discs,lifan,2026-08-03,332450000,33245000
AMO-048,"دیسک چرخ لیفان 620 جلو",brake-discs,lifan,2026-08-10,339845000,33984500
AMO-048,"دیسک چرخ لیفان 620 جلو",brake-discs,lifan,2026-08-17,340660000,34066000
AMO-048,"دیسک چرخ لیفان 620 جلو",brake-discs,lifan,2026-08-24,343415000,34341500
AMO-048,"دیسک چرخ لیفان 620 جلو",brake-discs,lifan,2026-08-31,349375000,34937500
AMO-048,"دیسک چرخ لیفان 620 جلو",brake-discs,lifan,2026-09-07,347855000,34785500
AMO-048,"دیسک چرخ لیفان 620 جلو",brake-discs,lifan,2026-09-14,351202500,35120250
AMO-049,"دیسک چرخ لیفان 620 جلو TRA-X",brake-discs,lifan,2026-06-29,312310000,31231000
AMO-049,"دیسک چرخ لیفان 620 جلو TRA-X",brake-discs,lifan,2026-07-06,324290000,32429000
AMO-049,"دیسک چرخ لیفان 620 جلو TRA-X",brake-discs,lifan,2026-07-13,337885000,33788500
AMO-049,"دیسک چرخ لیفان 620 جلو TRA-X",brake-discs,lifan,2026-07-20,345425000,34542500
AMO-049,"دیسک چرخ لیفان 620 جلو TRA-X",brake-discs,lifan,2026-07-27,346155000,34615500
AMO-049,"دیسک چرخ لیفان 620 جلو TRA-X",brake-discs,lifan,2026-08-03,347295000,34729500
AMO-049,"دیسک چرخ لیفان 620 جلو TRA-X",brake-discs,lifan,2026-08-10,360825000,36082500
AMO-049,"دیسک چرخ لیفان 620 جلو TRA-X",brake-discs,lifan,2026-08-17,363840000,36384000
AMO-049,"دیسک چرخ لیفان 620 جلو TRA-X",brake-discs,lifan,2026-08-24,377150000,37715000
AMO-049,"دیسک چرخ لیفان 620 جلو TRA-X",brake-discs,lifan,2026-08-31,383660000,38366000
AMO-049,"دیسک چرخ لیفان 620 جلو TRA-X",brake-discs,lifan,2026-09-07,390510000,39051000
AMO-049,"دیسک چرخ لیفان 620 جلو TRA-X",brake-discs,lifan,2026-09-14,392040000,39204000
AMO-050,"دیسک چرخ لیفان 620 عقب",brake-discs,lifan,2026-06-29,320825000,32082500
AMO-050,"دیسک چرخ لیفان 620 عقب",brake-discs,lifan,2026-07-06,321845000,32184500
AMO-050,"دیسک چرخ لیفان 620 عقب",brake-discs,lifan,2026-07-13,318935000,31893500
AMO-050,"دیسک چرخ لیفان 620 عقب",brake-discs,lifan,2026-07-20,329815000,32981500
AMO-050,"دیسک چرخ لیفان 620 عقب",brake-discs,lifan,2026-07-27,341195000,34119500
AMO-050,"دیسک چرخ لیفان 620 عقب",brake-discs,lifan,2026-08-03,347120000,34712000
AMO-050,"دیسک چرخ لیفان 620 عقب",brake-discs,lifan,2026-08-10,349385000,34938500
AMO-050,"دیسک چرخ لیفان 620 عقب",brake-discs,lifan,2026-08-17,355245000,35524500
AMO-050,"دیسک چرخ لیفان 620 عقب",brake-discs,lifan,2026-08-24,363580000,36358000
AMO-050,"دیسک چرخ لیفان 620 عقب",brake-discs,lifan,2026-08-31,366670000,36667000
AMO-050,"دیسک چرخ لیفان 620 عقب",brake-discs,lifan,2026-09-07,371010000,37101000
AMO-050,"دیسک چرخ لیفان 620 عقب",brake-discs,lifan,2026-09-14,375705000,37570500
AMO-051,"دیسک چرخ لیفان 820 جلو",brake-discs,lifan,2026-06-29,447025000,44702500
AMO-051,"دیسک چرخ لیفان 820 جلو",brake-discs,lifan,2026-07-06,468875000,46887500
AMO-051,"دیسک چرخ لیفان 820 جلو",brake-discs,lifan,2026-07-13,471925000,47192500
AMO-051,"دیسک چرخ لیفان 820 جلو",brake-discs,lifan,2026-07-20,476995000,47699500
AMO-051,"دیسک چرخ لیفان 820 جلو",brake-discs,lifan,2026-07-27,491515000,49151500
AMO-051,"دیسک چرخ لیفان 820 جلو",brake-discs,lifan,2026-08-03,491405000,49140500
AMO-051,"دیسک چرخ لیفان 820 جلو",brake-discs,lifan,2026-08-10,499010000,49901000
AMO-051,"دیسک چرخ لیفان 820 جلو",brake-discs,lifan,2026-08-17,497405000,49740500
AMO-051,"دیسک چرخ لیفان 820 جلو",brake-discs,lifan,2026-08-24,500270000,50027000
AMO-051,"دیسک چرخ لیفان 820 جلو",brake-discs,lifan,2026-08-31,512130000,51213000
AMO-051,"دیسک چرخ لیفان 820 جلو",brake-discs,lifan,2026-09-07,537930000,53793000
AMO-051,"دیسک چرخ لیفان 820 جلو",brake-discs,lifan,2026-09-14,550000000,55000000
AMO-052,"دیسک چرخ لیفان 820 جلو TRA-X",brake-discs,lifan,2026-06-29,495850000,49585000
AMO-052,"دیسک چرخ لیفان 820 جلو TRA-X",brake-discs,lifan,2026-07-06,507075000,50707500
AMO-052,"دیسک چرخ لیفان 820 جلو TRA-X",brake-discs,lifan,2026-07-13,508035000,50803500
AMO-052,"دیسک چرخ لیفان 820 جلو TRA-X",brake-discs,lifan,2026-07-20,511655000,51165500
AMO-052,"دیسک چرخ لیفان 820 جلو TRA-X",brake-discs,lifan,2026-07-27,525725000,52572500
AMO-052,"دیسک چرخ لیفان 820 جلو TRA-X",brake-discs,lifan,2026-08-03,541755000,54175500
AMO-052,"دیسک چرخ لیفان 820 جلو TRA-X",brake-discs,lifan,2026-08-10,552905000,55290500
AMO-052,"دیسک چرخ لیفان 820 جلو TRA-X",brake-discs,lifan,2026-08-17,553740000,55374000
AMO-052,"دیسک چرخ لیفان 820 جلو TRA-X",brake-discs,lifan,2026-08-24,553025000,55302500
AMO-052,"دیسک چرخ لیفان 820 جلو TRA-X",brake-discs,lifan,2026-08-31,572060000,57206000
AMO-052,"دیسک چرخ لیفان 820 جلو TRA-X",brake-discs,lifan,2026-09-07,569185000,56918500
AMO-052,"دیسک چرخ لیفان 820 جلو TRA-X",brake-discs,lifan,2026-09-14,583000000,58300000
AMO-053,"دیسک چرخ جیلی شاسی جلو",brake-discs,geely,2026-06-29,467780000,46778000
AMO-053,"دیسک چرخ جیلی شاسی جلو",brake-discs,geely,2026-07-06,468285000,46828500
AMO-053,"دیسک چرخ جیلی شاسی جلو",brake-discs,geely,2026-07-13,476625000,47662500
AMO-053,"دیسک چرخ جیلی شاسی جلو",brake-discs,geely,2026-07-20,481985000,48198500
AMO-053,"دیسک چرخ جیلی شاسی جلو",brake-discs,geely,2026-07-27,482610000,48261000
AMO-053,"دیسک چرخ جیلی شاسی جلو",brake-discs,geely,2026-08-03,503365000,50336500
AMO-053,"دیسک چرخ جیلی شاسی جلو",brake-discs,geely,2026-08-10,520855000,52085500
AMO-053,"دیسک چرخ جیلی شاسی جلو",brake-discs,geely,2026-08-17,524945000,52494500
AMO-053,"دیسک چرخ جیلی شاسی جلو",brake-discs,geely,2026-08-24,535625000,53562500
AMO-053,"دیسک چرخ جیلی شاسی جلو",brake-discs,geely,2026-08-31,549815000,54981500
AMO-053,"دیسک چرخ جیلی شاسی جلو",brake-discs,geely,2026-09-07,555995000,55599500
AMO-053,"دیسک چرخ جیلی شاسی جلو",brake-discs,geely,2026-09-14,550000000,55000000
AMO-054,"دیسک چرخ جیلی شاسی جلو TRA-X",brake-discs,geely,2026-06-29,476400000,47640000
AMO-054,"دیسک چرخ جیلی شاسی جلو TRA-X",brake-discs,geely,2026-07-06,482825000,48282500
AMO-054,"دیسک چرخ جیلی شاسی جلو TRA-X",brake-discs,geely,2026-07-13,483850000,48385000
AMO-054,"دیسک چرخ جیلی شاسی جلو TRA-X",brake-discs,geely,2026-07-20,504125000,50412500
AMO-054,"دیسک چرخ جیلی شاسی جلو TRA-X",brake-discs,geely,2026-07-27,499015000,49901500
AMO-054,"دیسک چرخ جیلی شاسی جلو TRA-X",brake-discs,geely,2026-08-03,493210000,49321000
AMO-054,"دیسک چرخ جیلی شاسی جلو TRA-X",brake-discs,geely,2026-08-10,501045000,50104500
AMO-054,"دیسک چرخ جیلی شاسی جلو TRA-X",brake-discs,geely,2026-08-17,510950000,51095000
AMO-054,"دیسک چرخ جیلی شاسی جلو TRA-X",brake-discs,geely,2026-08-24,518910000,51891000
AMO-054,"دیسک چرخ جیلی شاسی جلو TRA-X",brake-discs,geely,2026-08-31,537860000,53786000
AMO-054,"دیسک چرخ جیلی شاسی جلو TRA-X",brake-discs,geely,2026-09-07,561685000,56168500
AMO-054,"دیسک چرخ جیلی شاسی جلو TRA-X",brake-discs,geely,2026-09-14,583000000,58300000
AMO-055,"دیسک چرخ چانگان CS35 جلو",brake-discs,changan,2026-06-29,381525000,38152500
AMO-055,"دیسک چرخ چانگان CS35 جلو",brake-discs,changan,2026-07-06,387225000,38722500
AMO-055,"دیسک چرخ چانگان CS35 جلو",brake-discs,changan,2026-07-13,393315000,39331500
AMO-055,"دیسک چرخ چانگان CS35 جلو",brake-discs,changan,2026-07-20,405130000,40513000
AMO-055,"دیسک چرخ چانگان CS35 جلو",brake-discs,changan,2026-07-27,411120000,41112000
AMO-055,"دیسک چرخ چانگان CS35 جلو",brake-discs,changan,2026-08-03,421530000,42153000
AMO-055,"دیسک چرخ چانگان CS35 جلو",brake-discs,changan,2026-08-10,431210000,43121000
AMO-055,"دیسک چرخ چانگان CS35 جلو",brake-discs,changan,2026-08-17,442465000,44246500
AMO-055,"دیسک چرخ چانگان CS35 جلو",brake-discs,changan,2026-08-24,451025000,45102500
AMO-055,"دیسک چرخ چانگان CS35 جلو",brake-discs,changan,2026-08-31,456985000,45698500
AMO-055,"دیسک چرخ چانگان CS35 جلو",brake-discs,changan,2026-09-07,464965000,46496500
AMO-055,"دیسک چرخ چانگان CS35 جلو",brake-discs,changan,2026-09-14,457380000,45738000
AMO-056,"دیسک چرخ چانگان CS35 جلو XTRA",brake-discs,changan,2026-06-29,418460000,41846000
AMO-056,"دیسک چرخ چانگان CS35 جلو XTRA",brake-discs,changan,2026-07-06,414955000,41495500
AMO-056,"دیسک چرخ چانگان CS35 جلو XTRA",brake-discs,changan,2026-07-13,429025000,42902500
AMO-056,"دیسک چرخ چانگان CS35 جلو XTRA",brake-discs,changan,2026-07-20,446385000,44638500
AMO-056,"دیسک چرخ چانگان CS35 جلو XTRA",brake-discs,changan,2026-07-27,460935000,46093500
AMO-056,"دیسک چرخ چانگان CS35 جلو XTRA",brake-discs,changan,2026-08-03,470750000,47075000
AMO-056,"دیسک چرخ چانگان CS35 جلو XTRA",brake-discs,changan,2026-08-10,482755000,48275500
AMO-056,"دیسک چرخ چانگان CS35 جلو XTRA",brake-discs,changan,2026-08-17,478710000,47871000
AMO-056,"دیسک چرخ چانگان CS35 جلو XTRA",brake-discs,changan,2026-08-24,489030000,48903000
AMO-056,"دیسک چرخ چانگان CS35 جلو XTRA",brake-discs,changan,2026-08-31,505865000,50586500
AMO-056,"دیسک چرخ چانگان CS35 جلو XTRA",brake-discs,changan,2026-09-07,516640000,51664000
AMO-056,"دیسک چرخ چانگان CS35 جلو XTRA",brake-discs,changan,2026-09-14,506385000,50638500
AMO-058,"دیسک چرخ هایما 5S جلو",brake-discs,haima,2026-06-29,416225000,41622500
AMO-058,"دیسک چرخ هایما 5S جلو",brake-discs,haima,2026-07-06,416235000,41623500
AMO-058,"دیسک چرخ هایما 5S جلو",brake-discs,haima,2026-07-13,416140000,41614000
AMO-058,"دیسک چرخ هایما 5S جلو",brake-discs,haima,2026-07-20,429570000,42957000
AMO-058,"دیسک چرخ هایما 5S جلو",brake-discs,haima,2026-07-27,438485000,43848500
AMO-058,"دیسک چرخ هایما 5S جلو",brake-discs,haima,2026-08-03,451065000,45106500
AMO-058,"دیسک چرخ هایما 5S جلو",brake-discs,haima,2026-08-10,466430000,46643000
AMO-058,"دیسک چرخ هایما 5S جلو",brake-discs,haima,2026-08-17,463695000,46369500
AMO-058,"دیسک چرخ هایما 5S جلو",brake-discs,haima,2026-08-24,465605000,46560500
AMO-058,"دیسک چرخ هایما 5S جلو",brake-discs,haima,2026-08-31,486230000,48623000
AMO-058,"دیسک چرخ هایما 5S جلو",brake-discs,haima,2026-09-07,508390000,50839000
AMO-058,"دیسک چرخ هایما 5S جلو",brake-discs,haima,2026-09-14,517000000,51700000
AMO-059,"دیسک چرخ هایما 5S جلو TRA-X",brake-discs,haima,2026-06-29,448830000,44883000
AMO-059,"دیسک چرخ هایما 5S جلو TRA-X",brake-discs,haima,2026-07-06,452260000,45226000
AMO-059,"دیسک چرخ هایما 5S جلو TRA-X",brake-discs,haima,2026-07-13,487085000,48708500
AMO-059,"دیسک چرخ هایما 5S جلو TRA-X",brake-discs,haima,2026-07-20,535945000,53594500
AMO-059,"دیسک چرخ هایما 5S جلو TRA-X",brake-discs,haima,2026-07-27,530745000,53074500
AMO-059,"دیسک چرخ هایما 5S جلو TRA-X",brake-discs,haima,2026-08-03,523585000,52358500
AMO-059,"دیسک چرخ هایما 5S جلو TRA-X",brake-discs,haima,2026-08-10,561920000,56192000
AMO-059,"دیسک چرخ هایما 5S جلو TRA-X",brake-discs,haima,2026-08-17,569870000,56987000
AMO-059,"دیسک چرخ هایما 5S جلو TRA-X",brake-discs,haima,2026-08-24,579165000,57916500
AMO-059,"دیسک چرخ هایما 5S جلو TRA-X",brake-discs,haima,2026-08-31,582335000,58233500
AMO-059,"دیسک چرخ هایما 5S جلو TRA-X",brake-discs,haima,2026-09-07,567850000,56785000
AMO-059,"دیسک چرخ هایما 5S جلو TRA-X",brake-discs,haima,2026-09-14,555390000,55539000
AMO-060,"دیسک چرخ هایما 5S عقب",brake-discs,haima,2026-06-29,370515000,37051500
AMO-060,"دیسک چرخ هایما 5S عقب",brake-discs,haima,2026-07-06,371245000,37124500
AMO-060,"دیسک چرخ هایما 5S عقب",brake-discs,haima,2026-07-13,374680000,37468000
AMO-060,"دیسک چرخ هایما 5S عقب",brake-discs,haima,2026-07-20,382805000,38280500
AMO-060,"دیسک چرخ هایما 5S عقب",brake-discs,haima,2026-07-27,392395000,39239500
AMO-060,"دیسک چرخ هایما 5S عقب",brake-discs,haima,2026-08-03,402645000,40264500
AMO-060,"دیسک چرخ هایما 5S عقب",brake-discs,haima,2026-08-10,402080000,40208000
AMO-060,"دیسک چرخ هایما 5S عقب",brake-discs,haima,2026-08-17,413010000,41301000
AMO-060,"دیسک چرخ هایما 5S عقب",brake-discs,haima,2026-08-24,426805000,42680500
AMO-060,"دیسک چرخ هایما 5S عقب",brake-discs,haima,2026-08-31,433105000,43310500
AMO-060,"دیسک چرخ هایما 5S عقب",brake-discs,haima,2026-09-07,438650000,43865000
AMO-060,"دیسک چرخ هایما 5S عقب",brake-discs,haima,2026-09-14,440000000,44000000
AMO-061,"دیسک چرخ هایما 5S عقب TRA-X",brake-discs,haima,2026-06-29,380800000,38080000
AMO-061,"دیسک چرخ هایما 5S عقب TRA-X",brake-discs,haima,2026-07-06,393945000,39394500
AMO-061,"دیسک چرخ هایما 5S عقب TRA-X",brake-discs,haima,2026-07-13,388075000,38807500
AMO-061,"دیسک چرخ هایما 5S عقب TRA-X",brake-discs,haima,2026-07-20,398020000,39802000
AMO-061,"دیسک چرخ هایما 5S عقب TRA-X",brake-discs,haima,2026-07-27,408080000,40808000
AMO-061,"دیسک چرخ هایما 5S عقب TRA-X",brake-discs,haima,2026-08-03,407515000,40751500
AMO-061,"دیسک چرخ هایما 5S عقب TRA-X",brake-discs,haima,2026-08-10,405065000,40506500
AMO-061,"دیسک چرخ هایما 5S عقب TRA-X",brake-discs,haima,2026-08-17,428550000,42855000
AMO-061,"دیسک چرخ هایما 5S عقب TRA-X",brake-discs,haima,2026-08-24,454920000,45492000
AMO-061,"دیسک چرخ هایما 5S عقب TRA-X",brake-discs,haima,2026-08-31,453805000,45380500
AMO-061,"دیسک چرخ هایما 5S عقب TRA-X",brake-discs,haima,2026-09-07,473665000,47366500
AMO-061,"دیسک چرخ هایما 5S عقب TRA-X",brake-discs,haima,2026-09-14,473000000,47300000
AMO-062,"دیسک چرخ هایما 7S جلو",brake-discs,haima,2026-06-29,377375000,37737500
AMO-062,"دیسک چرخ هایما 7S جلو",brake-discs,haima,2026-07-06,381095000,38109500
AMO-062,"دیسک چرخ هایما 7S جلو",brake-discs,haima,2026-07-13,388305000,38830500
AMO-062,"دیسک چرخ هایما 7S جلو",brake-discs,haima,2026-07-20,390110000,39011000
AMO-062,"دیسک چرخ هایما 7S جلو",brake-discs,haima,2026-07-27,404710000,40471000
AMO-062,"دیسک چرخ هایما 7S جلو",brake-discs,haima,2026-08-03,414940000,41494000
AMO-062,"دیسک چرخ هایما 7S جلو",brake-discs,haima,2026-08-10,431030000,43103000
AMO-062,"دیسک چرخ هایما 7S جلو",brake-discs,haima,2026-08-17,444915000,44491500
AMO-062,"دیسک چرخ هایما 7S جلو",brake-discs,haima,2026-08-24,453930000,45393000
AMO-062,"دیسک چرخ هایما 7S جلو",brake-discs,haima,2026-08-31,471880000,47188000
AMO-062,"دیسک چرخ هایما 7S جلو",brake-discs,haima,2026-09-07,472160000,47216000
AMO-062,"دیسک چرخ هایما 7S جلو",brake-discs,haima,2026-09-14,473715000,47371500
AMO-063,"دیسک چرخ هایما 7S جلو XTRA",brake-discs,haima,2026-06-29,442370000,44237000
AMO-063,"دیسک چرخ هایما 7S جلو XTRA",brake-discs,haima,2026-07-06,444900000,44490000
AMO-063,"دیسک چرخ هایما 7S جلو XTRA",brake-discs,haima,2026-07-13,458335000,45833500
AMO-063,"دیسک چرخ هایما 7S جلو XTRA",brake-discs,haima,2026-07-20,468180000,46818000
AMO-063,"دیسک چرخ هایما 7S جلو XTRA",brake-discs,haima,2026-07-27,479100000,47910000
AMO-063,"دیسک چرخ هایما 7S جلو XTRA",brake-discs,haima,2026-08-03,488185000,48818500
AMO-063,"دیسک چرخ هایما 7S جلو XTRA",brake-discs,haima,2026-08-10,488520000,48852000
AMO-063,"دیسک چرخ هایما 7S جلو XTRA",brake-discs,haima,2026-08-17,495820000,49582000
AMO-063,"دیسک چرخ هایما 7S جلو XTRA",brake-discs,haima,2026-08-24,492755000,49275500
AMO-063,"دیسک چرخ هایما 7S جلو XTRA",brake-discs,haima,2026-08-31,509120000,50912000
AMO-063,"دیسک چرخ هایما 7S جلو XTRA",brake-discs,haima,2026-09-07,506310000,50631000
AMO-063,"دیسک چرخ هایما 7S جلو XTRA",brake-discs,haima,2026-09-14,506385000,50638500
AMO-064,"دیسک چرخ هایما 7S عقب",brake-discs,haima,2026-06-29,416040000,41604000
AMO-064,"دیسک چرخ هایما 7S عقب",brake-discs,haima,2026-07-06,422425000,42242500
AMO-064,"دیسک چرخ هایما 7S عقب",brake-discs,haima,2026-07-13,429270000,42927000
AMO-064,"دیسک چرخ هایما 7S عقب",brake-discs,haima,2026-07-20,426235000,42623500
AMO-064,"دیسک چرخ هایما 7S عقب",brake-discs,haima,2026-07-27,433865000,43386500
AMO-064,"دیسک چرخ هایما 7S عقب",brake-discs,haima,2026-08-03,439785000,43978500
AMO-064,"دیسک چرخ هایما 7S عقب",brake-discs,haima,2026-08-10,442790000,44279000
AMO-064,"دیسک چرخ هایما 7S عقب",brake-discs,haima,2026-08-17,455995000,45599500
AMO-064,"دیسک چرخ هایما 7S عقب",brake-discs,haima,2026-08-24,476840000,47684000
AMO-064,"دیسک چرخ هایما 7S عقب",brake-discs,haima,2026-08-31,489300000,48930000
AMO-064,"دیسک چرخ هایما 7S عقب",brake-discs,haima,2026-09-07,486675000,48667500
AMO-064,"دیسک چرخ هایما 7S عقب",brake-discs,haima,2026-09-14,506000000,50600000
AMO-065,"دیسک چرخ کی‌ام‌سی X5 جلو",brake-discs,kmc,2026-06-29,441790000,44179000
AMO-065,"دیسک چرخ کی‌ام‌سی X5 جلو",brake-discs,kmc,2026-07-06,466955000,46695500
AMO-065,"دیسک چرخ کی‌ام‌سی X5 جلو",brake-discs,kmc,2026-07-13,459135000,45913500
AMO-065,"دیسک چرخ کی‌ام‌سی X5 جلو",brake-discs,kmc,2026-07-20,464795000,46479500
AMO-065,"دیسک چرخ کی‌ام‌سی X5 جلو",brake-discs,kmc,2026-07-27,478140000,47814000
AMO-065,"دیسک چرخ کی‌ام‌سی X5 جلو",brake-discs,kmc,2026-08-03,496565000,49656500
AMO-065,"دیسک چرخ کی‌ام‌سی X5 جلو",brake-discs,kmc,2026-08-10,490485000,49048500
AMO-065,"دیسک چرخ کی‌ام‌سی X5 جلو",brake-discs,kmc,2026-08-17,485485000,48548500
AMO-065,"دیسک چرخ کی‌ام‌سی X5 جلو",brake-discs,kmc,2026-08-24,487095000,48709500
AMO-065,"دیسک چرخ کی‌ام‌سی X5 جلو",brake-discs,kmc,2026-08-31,515040000,51504000
AMO-065,"دیسک چرخ کی‌ام‌سی X5 جلو",brake-discs,kmc,2026-09-07,551550000,55155000
AMO-065,"دیسک چرخ کی‌ام‌سی X5 جلو",brake-discs,kmc,2026-09-14,550000000,55000000
AMO-066,"دیسک چرخ کی‌ام‌سی X5 جلو TRA-X",brake-discs,kmc,2026-06-29,496645000,49664500
AMO-066,"دیسک چرخ کی‌ام‌سی X5 جلو TRA-X",brake-discs,kmc,2026-07-06,504805000,50480500
AMO-066,"دیسک چرخ کی‌ام‌سی X5 جلو TRA-X",brake-discs,kmc,2026-07-13,505675000,50567500
AMO-066,"دیسک چرخ کی‌ام‌سی X5 جلو TRA-X",brake-discs,kmc,2026-07-20,506550000,50655000
AMO-066,"دیسک چرخ کی‌ام‌سی X5 جلو TRA-X",brake-discs,kmc,2026-07-27,509045000,50904500
AMO-066,"دیسک چرخ کی‌ام‌سی X5 جلو TRA-X",brake-discs,kmc,2026-08-03,513175000,51317500
AMO-066,"دیسک چرخ کی‌ام‌سی X5 جلو TRA-X",brake-discs,kmc,2026-08-10,514825000,51482500
AMO-066,"دیسک چرخ کی‌ام‌سی X5 جلو TRA-X",brake-discs,kmc,2026-08-17,534030000,53403000
AMO-066,"دیسک چرخ کی‌ام‌سی X5 جلو TRA-X",brake-discs,kmc,2026-08-24,547580000,54758000
AMO-066,"دیسک چرخ کی‌ام‌سی X5 جلو TRA-X",brake-discs,kmc,2026-08-31,560310000,56031000
AMO-066,"دیسک چرخ کی‌ام‌سی X5 جلو TRA-X",brake-discs,kmc,2026-09-07,581455000,58145500
AMO-066,"دیسک چرخ کی‌ام‌سی X5 جلو TRA-X",brake-discs,kmc,2026-09-14,583000000,58300000
AMO-067,"دیسک چرخ کی‌ام‌سی X5 عقب",brake-discs,kmc,2026-06-29,346085000,34608500
AMO-067,"دیسک چرخ کی‌ام‌سی X5 عقب",brake-discs,kmc,2026-07-06,354590000,35459000
AMO-067,"دیسک چرخ کی‌ام‌سی X5 عقب",brake-discs,kmc,2026-07-13,355335000,35533500
AMO-067,"دیسک چرخ کی‌ام‌سی X5 عقب",brake-discs,kmc,2026-07-20,365335000,36533500
AMO-067,"دیسک چرخ کی‌ام‌سی X5 عقب",brake-discs,kmc,2026-07-27,366210000,36621000
AMO-067,"دیسک چرخ کی‌ام‌سی X5 عقب",brake-discs,kmc,2026-08-03,374775000,37477500
AMO-067,"دیسک چرخ کی‌ام‌سی X5 عقب",brake-discs,kmc,2026-08-10,386160000,38616000
AMO-067,"دیسک چرخ کی‌ام‌سی X5 عقب",brake-discs,kmc,2026-08-17,384095000,38409500
AMO-067,"دیسک چرخ کی‌ام‌سی X5 عقب",brake-discs,kmc,2026-08-24,385530000,38553000
AMO-067,"دیسک چرخ کی‌ام‌سی X5 عقب",brake-discs,kmc,2026-08-31,392995000,39299500
AMO-067,"دیسک چرخ کی‌ام‌سی X5 عقب",brake-discs,kmc,2026-09-07,398090000,39809000
AMO-067,"دیسک چرخ کی‌ام‌سی X5 عقب",brake-discs,kmc,2026-09-14,396000000,39600000
AMO-068,"دیسک چرخ برلیانس 220/230 جلو",brake-discs,brilliance,2026-06-29,262820000,26282000
AMO-068,"دیسک چرخ برلیانس 220/230 جلو",brake-discs,brilliance,2026-07-06,273175000,27317500
AMO-068,"دیسک چرخ برلیانس 220/230 جلو",brake-discs,brilliance,2026-07-13,275045000,27504500
AMO-068,"دیسک چرخ برلیانس 220/230 جلو",brake-discs,brilliance,2026-07-20,284170000,28417000
AMO-068,"دیسک چرخ برلیانس 220/230 جلو",brake-discs,brilliance,2026-07-27,289560000,28956000
AMO-068,"دیسک چرخ برلیانس 220/230 جلو",brake-discs,brilliance,2026-08-03,291540000,29154000
AMO-068,"دیسک چرخ برلیانس 220/230 جلو",brake-discs,brilliance,2026-08-10,298020000,29802000
AMO-068,"دیسک چرخ برلیانس 220/230 جلو",brake-discs,brilliance,2026-08-17,295205000,29520500
AMO-068,"دیسک چرخ برلیانس 220/230 جلو",brake-discs,brilliance,2026-08-24,292070000,29207000
AMO-068,"دیسک چرخ برلیانس 220/230 جلو",brake-discs,brilliance,2026-08-31,302715000,30271500
AMO-068,"دیسک چرخ برلیانس 220/230 جلو",brake-discs,brilliance,2026-09-07,317510000,31751000
AMO-068,"دیسک چرخ برلیانس 220/230 جلو",brake-discs,brilliance,2026-09-14,326700000,32670000
AMO-069,"دیسک چرخ برلیانس 220/230 جلو TRA-X",brake-discs,brilliance,2026-06-29,306050000,30605000
AMO-069,"دیسک چرخ برلیانس 220/230 جلو TRA-X",brake-discs,brilliance,2026-07-06,314060000,31406000
AMO-069,"دیسک چرخ برلیانس 220/230 جلو TRA-X",brake-discs,brilliance,2026-07-13,322160000,32216000
AMO-069,"دیسک چرخ برلیانس 220/230 جلو TRA-X",brake-discs,brilliance,2026-07-20,325080000,32508000
AMO-069,"دیسک چرخ برلیانس 220/230 جلو TRA-X",brake-discs,brilliance,2026-07-27,325660000,32566000
AMO-069,"دیسک چرخ برلیانس 220/230 جلو TRA-X",brake-discs,brilliance,2026-08-03,330535000,33053500
AMO-069,"دیسک چرخ برلیانس 220/230 جلو TRA-X",brake-discs,brilliance,2026-08-10,332555000,33255500
AMO-069,"دیسک چرخ برلیانس 220/230 جلو TRA-X",brake-discs,brilliance,2026-08-17,338970000,33897000
AMO-069,"دیسک چرخ برلیانس 220/230 جلو TRA-X",brake-discs,brilliance,2026-08-24,343510000,34351000
AMO-069,"دیسک چرخ برلیانس 220/230 جلو TRA-X",brake-discs,brilliance,2026-08-31,342975000,34297500
AMO-069,"دیسک چرخ برلیانس 220/230 جلو TRA-X",brake-discs,brilliance,2026-09-07,353370000,35337000
AMO-069,"دیسک چرخ برلیانس 220/230 جلو TRA-X",brake-discs,brilliance,2026-09-14,351202500,35120250
AMO-070,"دیسک چرخ برلیانس 320/330 جلو",brake-discs,brilliance,2026-06-29,265535000,26553500
AMO-070,"دیسک چرخ برلیانس 320/330 جلو",brake-discs,brilliance,2026-07-06,267210000,26721000
AMO-070,"دیسک چرخ برلیانس 320/330 جلو",brake-discs,brilliance,2026-07-13,271035000,27103500
AMO-070,"دیسک چرخ برلیانس 320/330 جلو",brake-discs,brilliance,2026-07-20,285295000,28529500
AMO-070,"دیسک چرخ برلیانس 320/330 جلو",brake-discs,brilliance,2026-07-27,287095000,28709500
AMO-070,"دیسک چرخ برلیانس 320/330 جلو",brake-discs,brilliance,2026-08-03,287840000,28784000
AMO-070,"دیسک چرخ برلیانس 320/330 جلو",brake-discs,brilliance,2026-08-10,305040000,30504000
AMO-070,"دیسک چرخ برلیانس 320/330 جلو",brake-discs,brilliance,2026-08-17,313245000,31324500
AMO-070,"دیسک چرخ برلیانس 320/330 جلو",brake-discs,brilliance,2026-08-24,313610000,31361000
AMO-070,"دیسک چرخ برلیانس 320/330 جلو",brake-discs,brilliance,2026-08-31,322580000,32258000
AMO-070,"دیسک چرخ برلیانس 320/330 جلو",brake-discs,brilliance,2026-09-07,331070000,33107000
AMO-070,"دیسک چرخ برلیانس 320/330 جلو",brake-discs,brilliance,2026-09-14,326700000,32670000
AMO-071,"دیسک چرخ برلیانس 320/330 جلو TRA-X",brake-discs,brilliance,2026-06-29,289210000,28921000
AMO-071,"دیسک چرخ برلیانس 320/330 جلو TRA-X",brake-discs,brilliance,2026-07-06,294010000,29401000
AMO-071,"دیسک چرخ برلیانس 320/330 جلو TRA-X",brake-discs,brilliance,2026-07-13,301860000,30186000
AMO-071,"دیسک چرخ برلیانس 320/330 جلو TRA-X",brake-discs,brilliance,2026-07-20,305145000,30514500
AMO-071,"دیسک چرخ برلیانس 320/330 جلو TRA-X",brake-discs,brilliance,2026-07-27,309510000,30951000
AMO-071,"دیسک چرخ برلیانس 320/330 جلو TRA-X",brake-discs,brilliance,2026-08-03,307630000,30763000
AMO-071,"دیسک چرخ برلیانس 320/330 جلو TRA-X",brake-discs,brilliance,2026-08-10,315785000,31578500
AMO-071,"دیسک چرخ برلیانس 320/330 جلو TRA-X",brake-discs,brilliance,2026-08-17,328065000,32806500
AMO-071,"دیسک چرخ برلیانس 320/330 جلو TRA-X",brake-discs,brilliance,2026-08-24,335070000,33507000
AMO-071,"دیسک چرخ برلیانس 320/330 جلو TRA-X",brake-discs,brilliance,2026-08-31,347080000,34708000
AMO-071,"دیسک چرخ برلیانس 320/330 جلو TRA-X",brake-discs,brilliance,2026-09-07,348010000,34801000
AMO-071,"دیسک چرخ برلیانس 320/330 جلو TRA-X",brake-discs,brilliance,2026-09-14,351202500,35120250
AMO-072,"دیسک چرخ برلیانس 320/330 عقب",brake-discs,brilliance,2026-06-29,188310000,18831000
AMO-072,"دیسک چرخ برلیانس 320/330 عقب",brake-discs,brilliance,2026-07-06,191555000,19155500
AMO-072,"دیسک چرخ برلیانس 320/330 عقب",brake-discs,brilliance,2026-07-13,196980000,19698000
AMO-072,"دیسک چرخ برلیانس 320/330 عقب",brake-discs,brilliance,2026-07-20,199340000,19934000
AMO-072,"دیسک چرخ برلیانس 320/330 عقب",brake-discs,brilliance,2026-07-27,203130000,20313000
AMO-072,"دیسک چرخ برلیانس 320/330 عقب",brake-discs,brilliance,2026-08-03,210130000,21013000
AMO-072,"دیسک چرخ برلیانس 320/330 عقب",brake-discs,brilliance,2026-08-10,212720000,21272000
AMO-072,"دیسک چرخ برلیانس 320/330 عقب",brake-discs,brilliance,2026-08-17,213060000,21306000
AMO-072,"دیسک چرخ برلیانس 320/330 عقب",brake-discs,brilliance,2026-08-24,214300000,21430000
AMO-072,"دیسک چرخ برلیانس 320/330 عقب",brake-discs,brilliance,2026-08-31,220970000,22097000
AMO-072,"دیسک چرخ برلیانس 320/330 عقب",brake-discs,brilliance,2026-09-07,221830000,22183000
AMO-072,"دیسک چرخ برلیانس 320/330 عقب",brake-discs,brilliance,2026-09-14,220522500,22052250
AMO-073,"دیسک چرخ کاپرا 2 جلو",brake-discs,capra,2026-06-29,348025000,34802500
AMO-073,"دیسک چرخ کاپرا 2 جلو",brake-discs,capra,2026-07-06,347245000,34724500
AMO-073,"دیسک چرخ کاپرا 2 جلو",brake-discs,capra,2026-07-13,345915000,34591500
AMO-073,"دیسک چرخ کاپرا 2 جلو",brake-discs,capra,2026-07-20,358230000,35823000
AMO-073,"دیسک چرخ کاپرا 2 جلو",brake-discs,capra,2026-07-27,356125000,35612500
AMO-073,"دیسک چرخ کاپرا 2 جلو",brake-discs,capra,2026-08-03,365660000,36566000
AMO-073,"دیسک چرخ کاپرا 2 جلو",brake-discs,capra,2026-08-10,377355000,37735500
AMO-073,"دیسک چرخ کاپرا 2 جلو",brake-discs,capra,2026-08-17,389680000,38968000
AMO-073,"دیسک چرخ کاپرا 2 جلو",brake-discs,capra,2026-08-24,397990000,39799000
AMO-073,"دیسک چرخ کاپرا 2 جلو",brake-discs,capra,2026-08-31,411530000,41153000
AMO-073,"دیسک چرخ کاپرا 2 جلو",brake-discs,capra,2026-09-07,412470000,41247000
AMO-073,"دیسک چرخ کاپرا 2 جلو",brake-discs,capra,2026-09-14,408375000,40837500
AMO-074,"دیسک چرخ کاپرا 4 جلو",brake-discs,capra,2026-06-29,355875000,35587500
AMO-074,"دیسک چرخ کاپرا 4 جلو",brake-discs,capra,2026-07-06,357510000,35751000
AMO-074,"دیسک چرخ کاپرا 4 جلو",brake-discs,capra,2026-07-13,369305000,36930500
AMO-074,"دیسک چرخ کاپرا 4 جلو",brake-discs,capra,2026-07-20,372760000,37276000
AMO-074,"دیسک چرخ کاپرا 4 جلو",brake-discs,capra,2026-07-27,383565000,38356500
AMO-074,"دیسک چرخ کاپرا 4 جلو",brake-discs,capra,2026-08-03,391465000,39146500
AMO-074,"دیسک چرخ کاپرا 4 جلو",brake-discs,capra,2026-08-10,394160000,39416000
AMO-074,"دیسک چرخ کاپرا 4 جلو",brake-discs,capra,2026-08-17,394695000,39469500
AMO-074,"دیسک چرخ کاپرا 4 جلو",brake-discs,capra,2026-08-24,398840000,39884000
AMO-074,"دیسک چرخ کاپرا 4 جلو",brake-discs,capra,2026-08-31,399910000,39991000
AMO-074,"دیسک چرخ کاپرا 4 جلو",brake-discs,capra,2026-09-07,404490000,40449000
AMO-074,"دیسک چرخ کاپرا 4 جلو",brake-discs,capra,2026-09-14,408375000,40837500
AMO-075,"دیسک چرخ چری آریزو 300Z جلو",brake-discs,chery,2026-06-29,358495000,35849500
AMO-075,"دیسک چرخ چری آریزو 300Z جلو",brake-discs,chery,2026-07-06,364205000,36420500
AMO-075,"دیسک چرخ چری آریزو 300Z جلو",brake-discs,chery,2026-07-13,377370000,37737000
AMO-075,"دیسک چرخ چری آریزو 300Z جلو",brake-discs,chery,2026-07-20,382610000,38261000
AMO-075,"دیسک چرخ چری آریزو 300Z جلو",brake-discs,chery,2026-07-27,385920000,38592000
AMO-075,"دیسک چرخ چری آریزو 300Z جلو",brake-discs,chery,2026-08-03,389085000,38908500
AMO-075,"دیسک چرخ چری آریزو 300Z جلو",brake-discs,chery,2026-08-10,404475000,40447500
AMO-075,"دیسک چرخ چری آریزو 300Z جلو",brake-discs,chery,2026-08-17,402370000,40237000
AMO-075,"دیسک چرخ چری آریزو 300Z جلو",brake-discs,chery,2026-08-24,420205000,42020500
AMO-075,"دیسک چرخ چری آریزو 300Z جلو",brake-discs,chery,2026-08-31,424510000,42451000
AMO-075,"دیسک چرخ چری آریزو 300Z جلو",brake-discs,chery,2026-09-07,429725000,42972500
AMO-075,"دیسک چرخ چری آریزو 300Z جلو",brake-discs,chery,2026-09-14,424710000,42471000
AMO-076,"دیسک چرخ چری آریزو 300Z عقب",brake-discs,chery,2026-06-29,237255000,23725500
AMO-076,"دیسک چرخ چری آریزو 300Z عقب",brake-discs,chery,2026-07-06,242045000,24204500
AMO-076,"دیسک چرخ چری آریزو 300Z عقب",brake-discs,chery,2026-07-13,240155000,24015500
AMO-076,"دیسک چرخ چری آریزو 300Z عقب",brake-discs,chery,2026-07-20,246195000,24619500
AMO-076,"دیسک چرخ چری آریزو 300Z عقب",brake-discs,chery,2026-07-27,252625000,25262500
AMO-076,"دیسک چرخ چری آریزو 300Z عقب",brake-discs,chery,2026-08-03,257905000,25790500
AMO-076,"دیسک چرخ چری آریزو 300Z عقب",brake-discs,chery,2026-08-10,266655000,26665500
AMO-076,"دیسک چرخ چری آریزو 300Z عقب",brake-discs,chery,2026-08-17,279120000,27912000
AMO-076,"دیسک چرخ چری آریزو 300Z عقب",brake-discs,chery,2026-08-24,279060000,27906000
AMO-076,"دیسک چرخ چری آریزو 300Z عقب",brake-discs,chery,2026-08-31,282375000,28237500
AMO-076,"دیسک چرخ چری آریزو 300Z عقب",brake-discs,chery,2026-09-07,290685000,29068500
AMO-076,"دیسک چرخ چری آریزو 300Z عقب",brake-discs,chery,2026-09-14,294030000,29403000
AMO-077,"دیسک چرخ کراس 30H جلو",brake-discs,cross,2026-06-29,192000000,19200000
AMO-077,"دیسک چرخ کراس 30H جلو",brake-discs,cross,2026-07-06,188625000,18862500
AMO-077,"دیسک چرخ کراس 30H جلو",brake-discs,cross,2026-07-13,187075000,18707500
AMO-077,"دیسک چرخ کراس 30H جلو",brake-discs,cross,2026-07-20,193165000,19316500
AMO-077,"دیسک چرخ کراس 30H جلو",brake-discs,cross,2026-07-27,191365000,19136500
AMO-077,"دیسک چرخ کراس 30H جلو",brake-discs,cross,2026-08-03,205290000,20529000
AMO-077,"دیسک چرخ کراس 30H جلو",brake-discs,cross,2026-08-10,207450000,20745000
AMO-077,"دیسک چرخ کراس 30H جلو",brake-discs,cross,2026-08-17,217060000,21706000
AMO-077,"دیسک چرخ کراس 30H جلو",brake-discs,cross,2026-08-24,229750000,22975000
AMO-077,"دیسک چرخ کراس 30H جلو",brake-discs,cross,2026-08-31,235965000,23596500
AMO-077,"دیسک چرخ کراس 30H جلو",brake-discs,cross,2026-09-07,245470000,24547000
AMO-077,"دیسک چرخ کراس 30H جلو",brake-discs,cross,2026-09-14,236857500,23685750
AMO-078,"دیسک چرخ کراس 30H عقب",brake-discs,cross,2026-06-29,168575000,16857500
AMO-078,"دیسک چرخ کراس 30H عقب",brake-discs,cross,2026-07-06,176625000,17662500
AMO-078,"دیسک چرخ کراس 30H عقب",brake-discs,cross,2026-07-13,175910000,17591000
AMO-078,"دیسک چرخ کراس 30H عقب",brake-discs,cross,2026-07-20,178615000,17861500
AMO-078,"دیسک چرخ کراس 30H عقب",brake-discs,cross,2026-07-27,183760000,18376000
AMO-078,"دیسک چرخ کراس 30H عقب",brake-discs,cross,2026-08-03,192975000,19297500
AMO-078,"دیسک چرخ کراس 30H عقب",brake-discs,cross,2026-08-10,192285000,19228500
AMO-078,"دیسک چرخ کراس 30H عقب",brake-discs,cross,2026-08-17,191645000,19164500
AMO-078,"دیسک چرخ کراس 30H عقب",brake-discs,cross,2026-08-24,190545000,19054500
AMO-078,"دیسک چرخ کراس 30H عقب",brake-discs,cross,2026-08-31,198640000,19864000
AMO-078,"دیسک چرخ کراس 30H عقب",brake-discs,cross,2026-09-07,202885000,20288500
AMO-078,"دیسک چرخ کراس 30H عقب",brake-discs,cross,2026-09-14,205821000,20582100
AMO-079,"دیسک چرخ کراس 30H عقب TRA-X",brake-discs,cross,2026-06-29,193400000,19340000
AMO-079,"دیسک چرخ کراس 30H عقب TRA-X",brake-discs,cross,2026-07-06,194345000,19434500
AMO-079,"دیسک چرخ کراس 30H عقب TRA-X",brake-discs,cross,2026-07-13,193970000,19397000
AMO-079,"دیسک چرخ کراس 30H عقب TRA-X",brake-discs,cross,2026-07-20,192980000,19298000
AMO-079,"دیسک چرخ کراس 30H عقب TRA-X",brake-discs,cross,2026-07-27,197595000,19759500
AMO-079,"دیسک چرخ کراس 30H عقب TRA-X",brake-discs,cross,2026-08-03,204775000,20477500
AMO-079,"دیسک چرخ کراس 30H عقب TRA-X",brake-discs,cross,2026-08-10,207275000,20727500
AMO-079,"دیسک چرخ کراس 30H عقب TRA-X",brake-discs,cross,2026-08-17,216320000,21632000
AMO-079,"دیسک چرخ کراس 30H عقب TRA-X",brake-discs,cross,2026-08-24,226445000,22644500
AMO-079,"دیسک چرخ کراس 30H عقب TRA-X",brake-discs,cross,2026-08-31,232465000,23246500
AMO-079,"دیسک چرخ کراس 30H عقب TRA-X",brake-discs,cross,2026-09-07,241650000,24165000
AMO-079,"دیسک چرخ کراس 30H عقب TRA-X",brake-discs,cross,2026-09-14,236857500,23685750
AMO-080,"دیسک چرخ گریت وال وولکس 30C جلو",brake-discs,great-wall,2026-06-29,331235000,33123500
AMO-080,"دیسک چرخ گریت وال وولکس 30C جلو",brake-discs,great-wall,2026-07-06,337630000,33763000
AMO-080,"دیسک چرخ گریت وال وولکس 30C جلو",brake-discs,great-wall,2026-07-13,352415000,35241500
AMO-080,"دیسک چرخ گریت وال وولکس 30C جلو",brake-discs,great-wall,2026-07-20,355560000,35556000
AMO-080,"دیسک چرخ گریت وال وولکس 30C جلو",brake-discs,great-wall,2026-07-27,360315000,36031500
AMO-080,"دیسک چرخ گریت وال وولکس 30C جلو",brake-discs,great-wall,2026-08-03,375740000,37574000
AMO-080,"دیسک چرخ گریت وال وولکس 30C جلو",brake-discs,great-wall,2026-08-10,373240000,37324000
AMO-080,"دیسک چرخ گریت وال وولکس 30C جلو",brake-discs,great-wall,2026-08-17,384695000,38469500
AMO-080,"دیسک چرخ گریت وال وولکس 30C جلو",brake-discs,great-wall,2026-08-24,402590000,40259000
AMO-080,"دیسک چرخ گریت وال وولکس 30C جلو",brake-discs,great-wall,2026-08-31,401505000,40150500
AMO-080,"دیسک چرخ گریت وال وولکس 30C جلو",brake-discs,great-wall,2026-09-07,399530000,39953000
AMO-080,"دیسک چرخ گریت وال وولکس 30C جلو",brake-discs,great-wall,2026-09-14,400207500,40020750
AMO-081,"لنت ترمز ام‌وی‌ام 110 جلو",brake-pads,mvm,2026-06-29,182155000,18215500
AMO-081,"لنت ترمز ام‌وی‌ام 110 جلو",brake-pads,mvm,2026-07-06,183650000,18365000
AMO-081,"لنت ترمز ام‌وی‌ام 110 جلو",brake-pads,mvm,2026-07-13,192045000,19204500
AMO-081,"لنت ترمز ام‌وی‌ام 110 جلو",brake-pads,mvm,2026-07-20,198790000,19879000
AMO-081,"لنت ترمز ام‌وی‌ام 110 جلو",brake-pads,mvm,2026-07-27,202225000,20222500
AMO-081,"لنت ترمز ام‌وی‌ام 110 جلو",brake-pads,mvm,2026-08-03,210310000,21031000
AMO-081,"لنت ترمز ام‌وی‌ام 110 جلو",brake-pads,mvm,2026-08-10,215660000,21566000
AMO-081,"لنت ترمز ام‌وی‌ام 110 جلو",brake-pads,mvm,2026-08-17,214950000,21495000
AMO-081,"لنت ترمز ام‌وی‌ام 110 جلو",brake-pads,mvm,2026-08-24,224845000,22484500
AMO-081,"لنت ترمز ام‌وی‌ام 110 جلو",brake-pads,mvm,2026-08-31,224510000,22451000
AMO-081,"لنت ترمز ام‌وی‌ام 110 جلو",brake-pads,mvm,2026-09-07,229475000,22947500
AMO-081,"لنت ترمز ام‌وی‌ام 110 جلو",brake-pads,mvm,2026-09-14,228571200,22857120
AMO-082,"لنت ترمز ام‌وی‌ام 315 جلو",brake-pads,mvm,2026-06-29,193935000,19393500
AMO-082,"لنت ترمز ام‌وی‌ام 315 جلو",brake-pads,mvm,2026-07-06,197720000,19772000
AMO-082,"لنت ترمز ام‌وی‌ام 315 جلو",brake-pads,mvm,2026-07-13,194930000,19493000
AMO-082,"لنت ترمز ام‌وی‌ام 315 جلو",brake-pads,mvm,2026-07-20,206455000,20645500
AMO-082,"لنت ترمز ام‌وی‌ام 315 جلو",brake-pads,mvm,2026-07-27,218535000,21853500
AMO-082,"لنت ترمز ام‌وی‌ام 315 جلو",brake-pads,mvm,2026-08-03,225135000,22513500
AMO-082,"لنت ترمز ام‌وی‌ام 315 جلو",brake-pads,mvm,2026-08-10,229245000,22924500
AMO-082,"لنت ترمز ام‌وی‌ام 315 جلو",brake-pads,mvm,2026-08-17,230115000,23011500
AMO-082,"لنت ترمز ام‌وی‌ام 315 جلو",brake-pads,mvm,2026-08-24,236125000,23612500
AMO-082,"لنت ترمز ام‌وی‌ام 315 جلو",brake-pads,mvm,2026-08-31,233830000,23383000
AMO-082,"لنت ترمز ام‌وی‌ام 315 جلو",brake-pads,mvm,2026-09-07,231705000,23170500
AMO-082,"لنت ترمز ام‌وی‌ام 315 جلو",brake-pads,mvm,2026-09-14,228571200,22857120
AMO-083,"لنت ترمز ام‌وی‌ام 315 عقب",brake-pads,mvm,2026-06-29,231450000,23145000
AMO-083,"لنت ترمز ام‌وی‌ام 315 عقب",brake-pads,mvm,2026-07-06,238440000,23844000
AMO-083,"لنت ترمز ام‌وی‌ام 315 عقب",brake-pads,mvm,2026-07-13,238910000,23891000
AMO-083,"لنت ترمز ام‌وی‌ام 315 عقب",brake-pads,mvm,2026-07-20,244770000,24477000
AMO-083,"لنت ترمز ام‌وی‌ام 315 عقب",brake-pads,mvm,2026-07-27,249820000,24982000
AMO-083,"لنت ترمز ام‌وی‌ام 315 عقب",brake-pads,mvm,2026-08-03,250755000,25075500
AMO-083,"لنت ترمز ام‌وی‌ام 315 عقب",brake-pads,mvm,2026-08-10,256700000,25670000
AMO-083,"لنت ترمز ام‌وی‌ام 315 عقب",brake-pads,mvm,2026-08-17,261415000,26141500
AMO-083,"لنت ترمز ام‌وی‌ام 315 عقب",brake-pads,mvm,2026-08-24,265835000,26583500
AMO-083,"لنت ترمز ام‌وی‌ام 315 عقب",brake-pads,mvm,2026-08-31,264155000,26415500
AMO-083,"لنت ترمز ام‌وی‌ام 315 عقب",brake-pads,mvm,2026-09-07,273080000,27308000
AMO-083,"لنت ترمز ام‌وی‌ام 315 عقب",brake-pads,mvm,2026-09-14,277142580,27714258
AMO-084,"لنت ترمز ام‌وی‌ام 530 جلو",brake-pads,mvm,2026-06-29,189400000,18940000
AMO-084,"لنت ترمز ام‌وی‌ام 530 جلو",brake-pads,mvm,2026-07-06,194560000,19456000
AMO-084,"لنت ترمز ام‌وی‌ام 530 جلو",brake-pads,mvm,2026-07-13,199860000,19986000
AMO-084,"لنت ترمز ام‌وی‌ام 530 جلو",brake-pads,mvm,2026-07-20,203975000,20397500
AMO-084,"لنت ترمز ام‌وی‌ام 530 جلو",brake-pads,mvm,2026-07-27,206535000,20653500
AMO-084,"لنت ترمز ام‌وی‌ام 530 جلو",brake-pads,mvm,2026-08-03,207390000,20739000
AMO-084,"لنت ترمز ام‌وی‌ام 530 جلو",brake-pads,mvm,2026-08-10,213690000,21369000
AMO-084,"لنت ترمز ام‌وی‌ام 530 جلو",brake-pads,mvm,2026-08-17,213445000,21344500
AMO-084,"لنت ترمز ام‌وی‌ام 530 جلو",brake-pads,mvm,2026-08-24,221515000,22151500
AMO-084,"لنت ترمز ام‌وی‌ام 530 جلو",brake-pads,mvm,2026-08-31,219740000,21974000
AMO-084,"لنت ترمز ام‌وی‌ام 530 جلو",brake-pads,mvm,2026-09-07,225985000,22598500
AMO-084,"لنت ترمز ام‌وی‌ام 530 جلو",brake-pads,mvm,2026-09-14,228571200,22857120
AMO-085,"لنت ترمز ام‌وی‌ام 530 عقب",brake-pads,mvm,2026-06-29,152105000,15210500
AMO-085,"لنت ترمز ام‌وی‌ام 530 عقب",brake-pads,mvm,2026-07-06,151255000,15125500
AMO-085,"لنت ترمز ام‌وی‌ام 530 عقب",brake-pads,mvm,2026-07-13,158190000,15819000
AMO-085,"لنت ترمز ام‌وی‌ام 530 عقب",brake-pads,mvm,2026-07-20,159310000,15931000
AMO-085,"لنت ترمز ام‌وی‌ام 530 عقب",brake-pads,mvm,2026-07-27,165220000,16522000
AMO-085,"لنت ترمز ام‌وی‌ام 530 عقب",brake-pads,mvm,2026-08-03,165830000,16583000
AMO-085,"لنت ترمز ام‌وی‌ام 530 عقب",brake-pads,mvm,2026-08-10,172100000,17210000
AMO-085,"لنت ترمز ام‌وی‌ام 530 عقب",brake-pads,mvm,2026-08-17,171475000,17147500
AMO-085,"لنت ترمز ام‌وی‌ام 530 عقب",brake-pads,mvm,2026-08-24,176035000,17603500
AMO-085,"لنت ترمز ام‌وی‌ام 530 عقب",brake-pads,mvm,2026-08-31,176555000,17655500
AMO-085,"لنت ترمز ام‌وی‌ام 530 عقب",brake-pads,mvm,2026-09-07,181855000,18185500
AMO-085,"لنت ترمز ام‌وی‌ام 530 عقب",brake-pads,mvm,2026-09-14,185714100,18571410
AMO-086,"لنت ترمز ام‌وی‌ام 22X جلو",brake-pads,mvm,2026-06-29,196525000,19652500
AMO-086,"لنت ترمز ام‌وی‌ام 22X جلو",brake-pads,mvm,2026-07-06,203220000,20322000
AMO-086,"لنت ترمز ام‌وی‌ام 22X جلو",brake-pads,mvm,2026-07-13,202235000,20223500
AMO-086,"لنت ترمز ام‌وی‌ام 22X جلو",brake-pads,mvm,2026-07-20,209025000,20902500
AMO-086,"لنت ترمز ام‌وی‌ام 22X جلو",brake-pads,mvm,2026-07-27,210220000,21022000
AMO-086,"لنت ترمز ام‌وی‌ام 22X جلو",brake-pads,mvm,2026-08-03,212870000,21287000
AMO-086,"لنت ترمز ام‌وی‌ام 22X جلو",brake-pads,mvm,2026-08-10,218120000,21812000
AMO-086,"لنت ترمز ام‌وی‌ام 22X جلو",brake-pads,mvm,2026-08-17,217575000,21757500
AMO-086,"لنت ترمز ام‌وی‌ام 22X جلو",brake-pads,mvm,2026-08-24,217945000,21794500
AMO-086,"لنت ترمز ام‌وی‌ام 22X جلو",brake-pads,mvm,2026-08-31,224385000,22438500
AMO-086,"لنت ترمز ام‌وی‌ام 22X جلو",brake-pads,mvm,2026-09-07,225065000,22506500
AMO-086,"لنت ترمز ام‌وی‌ام 22X جلو",brake-pads,mvm,2026-09-14,228571200,22857120
AMO-087,"لنت ترمز ام‌وی‌ام 22X عقب",brake-pads,mvm,2026-06-29,186430000,18643000
AMO-087,"لنت ترمز ام‌وی‌ام 22X عقب",brake-pads,mvm,2026-07-06,196505000,19650500
AMO-087,"لنت ترمز ام‌وی‌ام 22X عقب",brake-pads,mvm,2026-07-13,199515000,19951500
AMO-087,"لنت ترمز ام‌وی‌ام 22X عقب",brake-pads,mvm,2026-07-20,200105000,20010500
AMO-087,"لنت ترمز ام‌وی‌ام 22X عقب",brake-pads,mvm,2026-07-27,207795000,20779500
AMO-087,"لنت ترمز ام‌وی‌ام 22X عقب",brake-pads,mvm,2026-08-03,211590000,21159000
AMO-087,"لنت ترمز ام‌وی‌ام 22X عقب",brake-pads,mvm,2026-08-10,210700000,21070000
AMO-087,"لنت ترمز ام‌وی‌ام 22X عقب",brake-pads,mvm,2026-08-17,216260000,21626000
AMO-087,"لنت ترمز ام‌وی‌ام 22X عقب",brake-pads,mvm,2026-08-24,220135000,22013500
AMO-087,"لنت ترمز ام‌وی‌ام 22X عقب",brake-pads,mvm,2026-08-31,231460000,23146000
AMO-087,"لنت ترمز ام‌وی‌ام 22X عقب",brake-pads,mvm,2026-09-07,228230000,22823000
AMO-087,"لنت ترمز ام‌وی‌ام 22X عقب",brake-pads,mvm,2026-09-14,224285490,22428549
AMO-088,"لنت ترمز ام‌وی‌ام 33X جلو",brake-pads,mvm,2026-06-29,194400000,19440000
AMO-088,"لنت ترمز ام‌وی‌ام 33X جلو",brake-pads,mvm,2026-07-06,196070000,19607000
AMO-088,"لنت ترمز ام‌وی‌ام 33X جلو",brake-pads,mvm,2026-07-13,201925000,20192500
AMO-088,"لنت ترمز ام‌وی‌ام 33X جلو",brake-pads,mvm,2026-07-20,208370000,20837000
AMO-088,"لنت ترمز ام‌وی‌ام 33X جلو",brake-pads,mvm,2026-07-27,206800000,20680000
AMO-088,"لنت ترمز ام‌وی‌ام 33X جلو",brake-pads,mvm,2026-08-03,212940000,21294000
AMO-088,"لنت ترمز ام‌وی‌ام 33X جلو",brake-pads,mvm,2026-08-10,212395000,21239500
AMO-088,"لنت ترمز ام‌وی‌ام 33X جلو",brake-pads,mvm,2026-08-17,212580000,21258000
AMO-088,"لنت ترمز ام‌وی‌ام 33X جلو",brake-pads,mvm,2026-08-24,218855000,21885500
AMO-088,"لنت ترمز ام‌وی‌ام 33X جلو",brake-pads,mvm,2026-08-31,218445000,21844500
AMO-088,"لنت ترمز ام‌وی‌ام 33X جلو",brake-pads,mvm,2026-09-07,225865000,22586500
AMO-088,"لنت ترمز ام‌وی‌ام 33X جلو",brake-pads,mvm,2026-09-14,228571200,22857120
AMO-089,"لنت ترمز ام‌وی‌ام 33X عقب",brake-pads,mvm,2026-06-29,172145000,17214500
AMO-089,"لنت ترمز ام‌وی‌ام 33X عقب",brake-pads,mvm,2026-07-06,173345000,17334500
AMO-089,"لنت ترمز ام‌وی‌ام 33X عقب",brake-pads,mvm,2026-07-13,178840000,17884000
AMO-089,"لنت ترمز ام‌وی‌ام 33X عقب",brake-pads,mvm,2026-07-20,179320000,17932000
AMO-089,"لنت ترمز ام‌وی‌ام 33X عقب",brake-pads,mvm,2026-07-27,183440000,18344000
AMO-089,"لنت ترمز ام‌وی‌ام 33X عقب",brake-pads,mvm,2026-08-03,184910000,18491000
AMO-089,"لنت ترمز ام‌وی‌ام 33X عقب",brake-pads,mvm,2026-08-10,188300000,18830000
AMO-089,"لنت ترمز ام‌وی‌ام 33X عقب",brake-pads,mvm,2026-08-17,190715000,19071500
AMO-089,"لنت ترمز ام‌وی‌ام 33X عقب",brake-pads,mvm,2026-08-24,195165000,19516500
AMO-089,"لنت ترمز ام‌وی‌ام 33X عقب",brake-pads,mvm,2026-08-31,199615000,19961500
AMO-089,"لنت ترمز ام‌وی‌ام 33X عقب",brake-pads,mvm,2026-09-07,201855000,20185500
AMO-089,"لنت ترمز ام‌وی‌ام 33X عقب",brake-pads,mvm,2026-09-14,201428370,20142837
AMO-090,"لنت ترمز جیلی 7EC جلو",brake-pads,geely,2026-06-29,254180000,25418000
AMO-090,"لنت ترمز جیلی 7EC جلو",brake-pads,geely,2026-07-06,261490000,26149000
AMO-090,"لنت ترمز جیلی 7EC جلو",brake-pads,geely,2026-07-13,263740000,26374000
AMO-090,"لنت ترمز جیلی 7EC جلو",brake-pads,geely,2026-07-20,272980000,27298000
AMO-090,"لنت ترمز جیلی 7EC جلو",brake-pads,geely,2026-07-27,283870000,28387000
AMO-090,"لنت ترمز جیلی 7EC جلو",brake-pads,geely,2026-08-03,294470000,29447000
AMO-090,"لنت ترمز جیلی 7EC جلو",brake-pads,geely,2026-08-10,300755000,30075500
AMO-090,"لنت ترمز جیلی 7EC جلو",brake-pads,geely,2026-08-17,298115000,29811500
AMO-090,"لنت ترمز جیلی 7EC جلو",brake-pads,geely,2026-08-24,308765000,30876500
AMO-090,"لنت ترمز جیلی 7EC جلو",brake-pads,geely,2026-08-31,318365000,31836500
AMO-090,"لنت ترمز جیلی 7EC جلو",brake-pads,geely,2026-09-07,319920000,31992000
AMO-090,"لنت ترمز جیلی 7EC جلو",brake-pads,geely,2026-09-14,314285400,31428540
AMO-091,"لنت ترمز جیلی 7EC عقب",brake-pads,geely,2026-06-29,184930000,18493000
AMO-091,"لنت ترمز جیلی 7EC عقب",brake-pads,geely,2026-07-06,189705000,18970500
AMO-091,"لنت ترمز جیلی 7EC عقب",brake-pads,geely,2026-07-13,195045000,19504500
AMO-091,"لنت ترمز جیلی 7EC عقب",brake-pads,geely,2026-07-20,195730000,19573000
AMO-091,"لنت ترمز جیلی 7EC عقب",brake-pads,geely,2026-07-27,202510000,20251000
AMO-091,"لنت ترمز جیلی 7EC عقب",brake-pads,geely,2026-08-03,204500000,20450000
AMO-091,"لنت ترمز جیلی 7EC عقب",brake-pads,geely,2026-08-10,209470000,20947000
AMO-091,"لنت ترمز جیلی 7EC عقب",brake-pads,geely,2026-08-17,215645000,21564500
AMO-091,"لنت ترمز جیلی 7EC عقب",brake-pads,geely,2026-08-24,222790000,22279000
AMO-091,"لنت ترمز جیلی 7EC عقب",brake-pads,geely,2026-08-31,225055000,22505500
AMO-091,"لنت ترمز جیلی 7EC عقب",brake-pads,geely,2026-09-07,229855000,22985500
AMO-091,"لنت ترمز جیلی 7EC عقب",brake-pads,geely,2026-09-14,228571200,22857120
AMO-094,"لنت ترمز جک 4J جلو",brake-pads,jac,2026-06-29,240645000,24064500
AMO-094,"لنت ترمز جک 4J جلو",brake-pads,jac,2026-07-06,247435000,24743500
AMO-094,"لنت ترمز جک 4J جلو",brake-pads,jac,2026-07-13,247170000,24717000
AMO-094,"لنت ترمز جک 4J جلو",brake-pads,jac,2026-07-20,245175000,24517500
AMO-094,"لنت ترمز جک 4J جلو",brake-pads,jac,2026-07-27,254020000,25402000
AMO-094,"لنت ترمز جک 4J جلو",brake-pads,jac,2026-08-03,259240000,25924000
AMO-094,"لنت ترمز جک 4J جلو",brake-pads,jac,2026-08-10,259870000,25987000
AMO-094,"لنت ترمز جک 4J جلو",brake-pads,jac,2026-08-17,258400000,25840000
AMO-094,"لنت ترمز جک 4J جلو",brake-pads,jac,2026-08-24,256710000,25671000
AMO-094,"لنت ترمز جک 4J جلو",brake-pads,jac,2026-08-31,267370000,26737000
AMO-094,"لنت ترمز جک 4J جلو",brake-pads,jac,2026-09-07,273100000,27310000
AMO-094,"لنت ترمز جک 4J جلو",brake-pads,jac,2026-09-14,274560000,27456000
AMO-095,"لنت ترمز جک 5J جلو",brake-pads,jac,2026-06-29,238970000,23897000
AMO-095,"لنت ترمز جک 5J جلو",brake-pads,jac,2026-07-06,246615000,24661500
AMO-095,"لنت ترمز جک 5J جلو",brake-pads,jac,2026-07-13,253575000,25357500
AMO-095,"لنت ترمز جک 5J جلو",brake-pads,jac,2026-07-20,255980000,25598000
AMO-095,"لنت ترمز جک 5J جلو",brake-pads,jac,2026-07-27,254475000,25447500
AMO-095,"لنت ترمز جک 5J جلو",brake-pads,jac,2026-08-03,262475000,26247500
AMO-095,"لنت ترمز جک 5J جلو",brake-pads,jac,2026-08-10,268385000,26838500
AMO-095,"لنت ترمز جک 5J جلو",brake-pads,jac,2026-08-17,272945000,27294500
AMO-095,"لنت ترمز جک 5J جلو",brake-pads,jac,2026-08-24,271830000,27183000
AMO-095,"لنت ترمز جک 5J جلو",brake-pads,jac,2026-08-31,271690000,27169000
AMO-095,"لنت ترمز جک 5J جلو",brake-pads,jac,2026-09-07,275675000,27567500
AMO-095,"لنت ترمز جک 5J جلو",brake-pads,jac,2026-09-14,274560000,27456000
AMO-096,"لنت ترمز جک 5J عقب",brake-pads,jac,2026-06-29,158700000,15870000
AMO-096,"لنت ترمز جک 5J عقب",brake-pads,jac,2026-07-06,162660000,16266000
AMO-096,"لنت ترمز جک 5J عقب",brake-pads,jac,2026-07-13,169815000,16981500
AMO-096,"لنت ترمز جک 5J عقب",brake-pads,jac,2026-07-20,173555000,17355500
AMO-096,"لنت ترمز جک 5J عقب",brake-pads,jac,2026-07-27,172100000,17210000
AMO-096,"لنت ترمز جک 5J عقب",brake-pads,jac,2026-08-03,170595000,17059500
AMO-096,"لنت ترمز جک 5J عقب",brake-pads,jac,2026-08-10,173790000,17379000
AMO-096,"لنت ترمز جک 5J عقب",brake-pads,jac,2026-08-17,183665000,18366500
AMO-096,"لنت ترمز جک 5J عقب",brake-pads,jac,2026-08-24,185355000,18535500
AMO-096,"لنت ترمز جک 5J عقب",brake-pads,jac,2026-08-31,182440000,18244000
AMO-096,"لنت ترمز جک 5J عقب",brake-pads,jac,2026-09-07,189130000,18913000
AMO-096,"لنت ترمز جک 5J عقب",brake-pads,jac,2026-09-14,188760000,18876000
AMO-097,"لنت ترمز جک 3S جلو",brake-pads,jac,2026-06-29,228310000,22831000
AMO-097,"لنت ترمز جک 3S جلو",brake-pads,jac,2026-07-06,230410000,23041000
AMO-097,"لنت ترمز جک 3S جلو",brake-pads,jac,2026-07-13,232695000,23269500
AMO-097,"لنت ترمز جک 3S جلو",brake-pads,jac,2026-07-20,237980000,23798000
AMO-097,"لنت ترمز جک 3S جلو",brake-pads,jac,2026-07-27,246545000,24654500
AMO-097,"لنت ترمز جک 3S جلو",brake-pads,jac,2026-08-03,251730000,25173000
AMO-097,"لنت ترمز جک 3S جلو",brake-pads,jac,2026-08-10,256295000,25629500
AMO-097,"لنت ترمز جک 3S جلو",brake-pads,jac,2026-08-17,264780000,26478000
AMO-097,"لنت ترمز جک 3S جلو",brake-pads,jac,2026-08-24,261975000,26197500
AMO-097,"لنت ترمز جک 3S جلو",brake-pads,jac,2026-08-31,261035000,26103500
AMO-097,"لنت ترمز جک 3S جلو",brake-pads,jac,2026-09-07,266270000,26627000
AMO-097,"لنت ترمز جک 3S جلو",brake-pads,jac,2026-09-14,274560000,27456000
AMO-098,"لنت ترمز جک 3S عقب",brake-pads,jac,2026-06-29,196480000,19648000
AMO-098,"لنت ترمز جک 3S عقب",brake-pads,jac,2026-07-06,201485000,20148500
AMO-098,"لنت ترمز جک 3S عقب",brake-pads,jac,2026-07-13,210755000,21075500
AMO-098,"لنت ترمز جک 3S عقب",brake-pads,jac,2026-07-20,207875000,20787500
AMO-098,"لنت ترمز جک 3S عقب",brake-pads,jac,2026-07-27,209035000,20903500
AMO-098,"لنت ترمز جک 3S عقب",brake-pads,jac,2026-08-03,221450000,22145000
AMO-098,"لنت ترمز جک 3S عقب",brake-pads,jac,2026-08-10,226295000,22629500
AMO-098,"لنت ترمز جک 3S عقب",brake-pads,jac,2026-08-17,229845000,22984500
AMO-098,"لنت ترمز جک 3S عقب",brake-pads,jac,2026-08-24,228505000,22850500
AMO-098,"لنت ترمز جک 3S عقب",brake-pads,jac,2026-08-31,238125000,23812500
AMO-098,"لنت ترمز جک 3S عقب",brake-pads,jac,2026-09-07,234795000,23479500
AMO-098,"لنت ترمز جک 3S عقب",brake-pads,jac,2026-09-14,231660000,23166000
AMO-099,"لنت ترمز جک 5S جلو",brake-pads,jac,2026-06-29,220210000,22021000
AMO-099,"لنت ترمز جک 5S جلو",brake-pads,jac,2026-07-06,218160000,21816000
AMO-099,"لنت ترمز جک 5S جلو",brake-pads,jac,2026-07-13,223400000,22340000
AMO-099,"لنت ترمز جک 5S جلو",brake-pads,jac,2026-07-20,220955000,22095500
AMO-099,"لنت ترمز جک 5S جلو",brake-pads,jac,2026-07-27,219885000,21988500
AMO-099,"لنت ترمز جک 5S جلو",brake-pads,jac,2026-08-03,232230000,23223000
AMO-099,"لنت ترمز جک 5S جلو",brake-pads,jac,2026-08-10,239320000,23932000
AMO-099,"لنت ترمز جک 5S جلو",brake-pads,jac,2026-08-17,244780000,24478000
AMO-099,"لنت ترمز جک 5S جلو",brake-pads,jac,2026-08-24,248770000,24877000
AMO-099,"لنت ترمز جک 5S جلو",brake-pads,jac,2026-08-31,267695000,26769500
AMO-099,"لنت ترمز جک 5S جلو",brake-pads,jac,2026-09-07,265095000,26509500
AMO-099,"لنت ترمز جک 5S جلو",brake-pads,jac,2026-09-14,274560000,27456000
AMO-100,"لنت ترمز جک 5S اتومات عقب",brake-pads,jac,2026-06-29,207305000,20730500
AMO-100,"لنت ترمز جک 5S اتومات عقب",brake-pads,jac,2026-07-06,211130000,21113000
AMO-100,"لنت ترمز جک 5S اتومات عقب",brake-pads,jac,2026-07-13,219145000,21914500
AMO-100,"لنت ترمز جک 5S اتومات عقب",brake-pads,jac,2026-07-20,220175000,22017500
AMO-100,"لنت ترمز جک 5S اتومات عقب",brake-pads,jac,2026-07-27,220240000,22024000
AMO-100,"لنت ترمز جک 5S اتومات عقب",brake-pads,jac,2026-08-03,222910000,22291000
AMO-100,"لنت ترمز جک 5S اتومات عقب",brake-pads,jac,2026-08-10,227940000,22794000
AMO-100,"لنت ترمز جک 5S اتومات عقب",brake-pads,jac,2026-08-17,235840000,23584000
AMO-100,"لنت ترمز جک 5S اتومات عقب",brake-pads,jac,2026-08-24,248295000,24829500
AMO-100,"لنت ترمز جک 5S اتومات عقب",brake-pads,jac,2026-08-31,260380000,26038000
AMO-100,"لنت ترمز جک 5S اتومات عقب",brake-pads,jac,2026-09-07,263105000,26310500
AMO-100,"لنت ترمز جک 5S اتومات عقب",brake-pads,jac,2026-09-14,257400000,25740000
AMO-101,"لنت ترمز جک 5S دنده ای عقب",brake-pads,jac,2026-06-29,154235000,15423500
AMO-101,"لنت ترمز جک 5S دنده ای عقب",brake-pads,jac,2026-07-06,160470000,16047000
AMO-101,"لنت ترمز جک 5S دنده ای عقب",brake-pads,jac,2026-07-13,165890000,16589000
AMO-101,"لنت ترمز جک 5S دنده ای عقب",brake-pads,jac,2026-07-20,164220000,16422000
AMO-101,"لنت ترمز جک 5S دنده ای عقب",brake-pads,jac,2026-07-27,165795000,16579500
AMO-101,"لنت ترمز جک 5S دنده ای عقب",brake-pads,jac,2026-08-03,168885000,16888500
AMO-101,"لنت ترمز جک 5S دنده ای عقب",brake-pads,jac,2026-08-10,167900000,16790000
AMO-101,"لنت ترمز جک 5S دنده ای عقب",brake-pads,jac,2026-08-17,173615000,17361500
AMO-101,"لنت ترمز جک 5S دنده ای عقب",brake-pads,jac,2026-08-24,180630000,18063000
AMO-101,"لنت ترمز جک 5S دنده ای عقب",brake-pads,jac,2026-08-31,178620000,17862000
AMO-101,"لنت ترمز جک 5S دنده ای عقب",brake-pads,jac,2026-09-07,182420000,18242000
AMO-101,"لنت ترمز جک 5S دنده ای عقب",brake-pads,jac,2026-09-14,180180000,18018000
AMO-102,"لنت ترمز چانگان CS35 جلو",brake-pads,changan,2026-06-29,211635000,21163500
AMO-102,"لنت ترمز چانگان CS35 جلو",brake-pads,changan,2026-07-06,216740000,21674000
AMO-102,"لنت ترمز چانگان CS35 جلو",brake-pads,changan,2026-07-13,218875000,21887500
AMO-102,"لنت ترمز چانگان CS35 جلو",brake-pads,changan,2026-07-20,216800000,21680000
AMO-102,"لنت ترمز چانگان CS35 جلو",brake-pads,changan,2026-07-27,229040000,22904000
AMO-102,"لنت ترمز چانگان CS35 جلو",brake-pads,changan,2026-08-03,238125000,23812500
AMO-102,"لنت ترمز چانگان CS35 جلو",brake-pads,changan,2026-08-10,237380000,23738000
AMO-102,"لنت ترمز چانگان CS35 جلو",brake-pads,changan,2026-08-17,234905000,23490500
AMO-102,"لنت ترمز چانگان CS35 جلو",brake-pads,changan,2026-08-24,235955000,23595500
AMO-102,"لنت ترمز چانگان CS35 جلو",brake-pads,changan,2026-08-31,237535000,23753500
AMO-102,"لنت ترمز چانگان CS35 جلو",brake-pads,changan,2026-09-07,247480000,24748000
AMO-102,"لنت ترمز چانگان CS35 جلو",brake-pads,changan,2026-09-14,257400000,25740000
AMO-103,"لنت ترمز چانگان CS35 عقب",brake-pads,changan,2026-06-29,117160000,11716000
AMO-103,"لنت ترمز چانگان CS35 عقب",brake-pads,changan,2026-07-06,116625000,11662500
AMO-103,"لنت ترمز چانگان CS35 عقب",brake-pads,changan,2026-07-13,126230000,12623000
AMO-103,"لنت ترمز چانگان CS35 عقب",brake-pads,changan,2026-07-20,123720000,12372000
AMO-103,"لنت ترمز چانگان CS35 عقب",brake-pads,changan,2026-07-27,121385000,12138500
AMO-103,"لنت ترمز چانگان CS35 عقب",brake-pads,changan,2026-08-03,120275000,12027500
AMO-103,"لنت ترمز چانگان CS35 عقب",brake-pads,changan,2026-08-10,118375000,11837500
AMO-103,"لنت ترمز چانگان CS35 عقب",brake-pads,changan,2026-08-17,124855000,12485500
AMO-103,"لنت ترمز چانگان CS35 عقب",brake-pads,changan,2026-08-24,138140000,13814000
AMO-103,"لنت ترمز چانگان CS35 عقب",brake-pads,changan,2026-08-31,135250000,13525000
AMO-103,"لنت ترمز چانگان CS35 عقب",brake-pads,changan,2026-09-07,141480000,14148000
AMO-103,"لنت ترمز چانگان CS35 عقب",brake-pads,changan,2026-09-14,145860000,14586000
AMO-106,"لنت ترمز چری تی 5 جلو",brake-pads,chery,2026-06-29,267970000,26797000
AMO-106,"لنت ترمز چری تی 5 جلو",brake-pads,chery,2026-07-06,274805000,27480500
AMO-106,"لنت ترمز چری تی 5 جلو",brake-pads,chery,2026-07-13,283485000,28348500
AMO-106,"لنت ترمز چری تی 5 جلو",brake-pads,chery,2026-07-20,292610000,29261000
AMO-106,"لنت ترمز چری تی 5 جلو",brake-pads,chery,2026-07-27,298830000,29883000
AMO-106,"لنت ترمز چری تی 5 جلو",brake-pads,chery,2026-08-03,300105000,30010500
AMO-106,"لنت ترمز چری تی 5 جلو",brake-pads,chery,2026-08-10,303695000,30369500
AMO-106,"لنت ترمز چری تی 5 جلو",brake-pads,chery,2026-08-17,315745000,31574500
AMO-106,"لنت ترمز چری تی 5 جلو",brake-pads,chery,2026-08-24,328590000,32859000
AMO-106,"لنت ترمز چری تی 5 جلو",brake-pads,chery,2026-08-31,327000000,32700000
AMO-106,"لنت ترمز چری تی 5 جلو",brake-pads,chery,2026-09-07,325815000,32581500
AMO-106,"لنت ترمز چری تی 5 جلو",brake-pads,chery,2026-09-14,326040000,32604000
AMO-107,"لنت ترمز چری تی 5 عقب",brake-pads,chery,2026-06-29,152720000,15272000
AMO-107,"لنت ترمز چری تی 5 عقب",brake-pads,chery,2026-07-06,158375000,15837500
AMO-107,"لنت ترمز چری تی 5 عقب",brake-pads,chery,2026-07-13,160235000,16023500
AMO-107,"لنت ترمز چری تی 5 عقب",brake-pads,chery,2026-07-20,167945000,16794500
AMO-107,"لنت ترمز چری تی 5 عقب",brake-pads,chery,2026-07-27,178150000,17815000
AMO-107,"لنت ترمز چری تی 5 عقب",brake-pads,chery,2026-08-03,175790000,17579000
AMO-107,"لنت ترمز چری تی 5 عقب",brake-pads,chery,2026-08-10,182690000,18269000
AMO-107,"لنت ترمز چری تی 5 عقب",brake-pads,chery,2026-08-17,180675000,18067500
AMO-107,"لنت ترمز چری تی 5 عقب",brake-pads,chery,2026-08-24,184395000,18439500
AMO-107,"لنت ترمز چری تی 5 عقب",brake-pads,chery,2026-08-31,183820000,18382000
AMO-107,"لنت ترمز چری تی 5 عقب",brake-pads,chery,2026-09-07,194175000,19417500
AMO-107,"لنت ترمز چری تی 5 عقب",brake-pads,chery,2026-09-14,188760000,18876000
AMO-111,"لنت ترمز بست 50B جلو",brake-pads,bestune,2026-06-29,269835000,26983500
AMO-111,"لنت ترمز بست 50B جلو",brake-pads,bestune,2026-07-06,273295000,27329500
AMO-111,"لنت ترمز بست 50B جلو",brake-pads,bestune,2026-07-13,281415000,28141500
AMO-111,"لنت ترمز بست 50B جلو",brake-pads,bestune,2026-07-20,288080000,28808000
AMO-111,"لنت ترمز بست 50B جلو",brake-pads,bestune,2026-07-27,289125000,28912500
AMO-111,"لنت ترمز بست 50B جلو",brake-pads,bestune,2026-08-03,290395000,29039500
AMO-111,"لنت ترمز بست 50B جلو",brake-pads,bestune,2026-08-10,298715000,29871500
AMO-111,"لنت ترمز بست 50B جلو",brake-pads,bestune,2026-08-17,298585000,29858500
AMO-111,"لنت ترمز بست 50B جلو",brake-pads,bestune,2026-08-24,301695000,30169500
AMO-111,"لنت ترمز بست 50B جلو",brake-pads,bestune,2026-08-31,300515000,30051500
AMO-111,"لنت ترمز بست 50B جلو",brake-pads,bestune,2026-09-07,308720000,30872000
AMO-111,"لنت ترمز بست 50B جلو",brake-pads,bestune,2026-09-14,308880000,30888000
AMO-115,"لنت ترمز لیفان 620 جلو",brake-pads,lifan,2026-06-29,217270000,21727000
AMO-115,"لنت ترمز لیفان 620 جلو",brake-pads,lifan,2026-07-06,232645000,23264500
AMO-115,"لنت ترمز لیفان 620 جلو",brake-pads,lifan,2026-07-13,241325000,24132500
AMO-115,"لنت ترمز لیفان 620 جلو",brake-pads,lifan,2026-07-20,243770000,24377000
AMO-115,"لنت ترمز لیفان 620 جلو",brake-pads,lifan,2026-07-27,244885000,24488500
AMO-115,"لنت ترمز لیفان 620 جلو",brake-pads,lifan,2026-08-03,247455000,24745500
AMO-115,"لنت ترمز لیفان 620 جلو",brake-pads,lifan,2026-08-10,245825000,24582500
AMO-115,"لنت ترمز لیفان 620 جلو",brake-pads,lifan,2026-08-17,249345000,24934500
AMO-115,"لنت ترمز لیفان 620 جلو",brake-pads,lifan,2026-08-24,247615000,24761500
AMO-115,"لنت ترمز لیفان 620 جلو",brake-pads,lifan,2026-08-31,245120000,24512000
AMO-115,"لنت ترمز لیفان 620 جلو",brake-pads,lifan,2026-09-07,247265000,24726500
AMO-115,"لنت ترمز لیفان 620 جلو",brake-pads,lifan,2026-09-14,257400000,25740000
AMO-116,"لنت ترمز لیفان 50X جلو",brake-pads,lifan,2026-06-29,250315000,25031500
AMO-116,"لنت ترمز لیفان 50X جلو",brake-pads,lifan,2026-07-06,257535000,25753500
AMO-116,"لنت ترمز لیفان 50X جلو",brake-pads,lifan,2026-07-13,264300000,26430000
AMO-116,"لنت ترمز لیفان 50X جلو",brake-pads,lifan,2026-07-20,271555000,27155500
AMO-116,"لنت ترمز لیفان 50X جلو",brake-pads,lifan,2026-07-27,280830000,28083000
AMO-116,"لنت ترمز لیفان 50X جلو",brake-pads,lifan,2026-08-03,279780000,27978000
AMO-116,"لنت ترمز لیفان 50X جلو",brake-pads,lifan,2026-08-10,280340000,28034000
AMO-116,"لنت ترمز لیفان 50X جلو",brake-pads,lifan,2026-08-17,281285000,28128500
AMO-116,"لنت ترمز لیفان 50X جلو",brake-pads,lifan,2026-08-24,284345000,28434500
AMO-116,"لنت ترمز لیفان 50X جلو",brake-pads,lifan,2026-08-31,284070000,28407000
AMO-116,"لنت ترمز لیفان 50X جلو",brake-pads,lifan,2026-09-07,289740000,28974000
AMO-116,"لنت ترمز لیفان 50X جلو",brake-pads,lifan,2026-09-14,291720000,29172000
AMO-117,"لنت ترمز لیفان 50X عقب",brake-pads,lifan,2026-06-29,198140000,19814000
AMO-117,"لنت ترمز لیفان 50X عقب",brake-pads,lifan,2026-07-06,205205000,20520500
AMO-117,"لنت ترمز لیفان 50X عقب",brake-pads,lifan,2026-07-13,205600000,20560000
AMO-117,"لنت ترمز لیفان 50X عقب",brake-pads,lifan,2026-07-20,204680000,20468000
AMO-117,"لنت ترمز لیفان 50X عقب",brake-pads,lifan,2026-07-27,208400000,20840000
AMO-117,"لنت ترمز لیفان 50X عقب",brake-pads,lifan,2026-08-03,208225000,20822500
AMO-117,"لنت ترمز لیفان 50X عقب",brake-pads,lifan,2026-08-10,213885000,21388500
AMO-117,"لنت ترمز لیفان 50X عقب",brake-pads,lifan,2026-08-17,218440000,21844000
AMO-117,"لنت ترمز لیفان 50X عقب",brake-pads,lifan,2026-08-24,221505000,22150500
AMO-117,"لنت ترمز لیفان 50X عقب",brake-pads,lifan,2026-08-31,220015000,22001500
AMO-117,"لنت ترمز لیفان 50X عقب",brake-pads,lifan,2026-09-07,226300000,22630000
AMO-117,"لنت ترمز لیفان 50X عقب",brake-pads,lifan,2026-09-14,231660000,23166000
AMO-119,"لنت ترمز لیفان 60X عقب",brake-pads,lifan,2026-06-29,159395000,15939500
AMO-119,"لنت ترمز لیفان 60X عقب",brake-pads,lifan,2026-07-06,162780000,16278000
AMO-119,"لنت ترمز لیفان 60X عقب",brake-pads,lifan,2026-07-13,164665000,16466500
AMO-119,"لنت ترمز لیفان 60X عقب",brake-pads,lifan,2026-07-20,168785000,16878500
AMO-119,"لنت ترمز لیفان 60X عقب",brake-pads,lifan,2026-07-27,170415000,17041500
AMO-119,"لنت ترمز لیفان 60X عقب",brake-pads,lifan,2026-08-03,171875000,17187500
AMO-119,"لنت ترمز لیفان 60X عقب",brake-pads,lifan,2026-08-10,175805000,17580500
AMO-119,"لنت ترمز لیفان 60X عقب",brake-pads,lifan,2026-08-17,179800000,17980000
AMO-119,"لنت ترمز لیفان 60X عقب",brake-pads,lifan,2026-08-24,184740000,18474000
AMO-119,"لنت ترمز لیفان 60X عقب",brake-pads,lifan,2026-08-31,186980000,18698000
AMO-119,"لنت ترمز لیفان 60X عقب",brake-pads,lifan,2026-09-07,190060000,19006000
AMO-119,"لنت ترمز لیفان 60X عقب",brake-pads,lifan,2026-09-14,188760000,18876000
AMO-120,"لنت ترمز هایما 5S جلو",brake-pads,haima,2026-06-29,274770000,27477000
AMO-120,"لنت ترمز هایما 5S جلو",brake-pads,haima,2026-07-06,270585000,27058500
AMO-120,"لنت ترمز هایما 5S جلو",brake-pads,haima,2026-07-13,268920000,26892000
AMO-120,"لنت ترمز هایما 5S جلو",brake-pads,haima,2026-07-20,289075000,28907500
AMO-120,"لنت ترمز هایما 5S جلو",brake-pads,haima,2026-07-27,309900000,30990000
AMO-120,"لنت ترمز هایما 5S جلو",brake-pads,haima,2026-08-03,311375000,31137500
AMO-120,"لنت ترمز هایما 5S جلو",brake-pads,haima,2026-08-10,313765000,31376500
AMO-120,"لنت ترمز هایما 5S جلو",brake-pads,haima,2026-08-17,312295000,31229500
AMO-120,"لنت ترمز هایما 5S جلو",brake-pads,haima,2026-08-24,317870000,31787000
AMO-120,"لنت ترمز هایما 5S جلو",brake-pads,haima,2026-08-31,314300000,31430000
AMO-120,"لنت ترمز هایما 5S جلو",brake-pads,haima,2026-09-07,311795000,31179500
AMO-120,"لنت ترمز هایما 5S جلو",brake-pads,haima,2026-09-14,326040000,32604000
AMO-121,"لنت ترمز هایما 5S عقب",brake-pads,haima,2026-06-29,194080000,19408000
AMO-121,"لنت ترمز هایما 5S عقب",brake-pads,haima,2026-07-06,193755000,19375500
AMO-121,"لنت ترمز هایما 5S عقب",brake-pads,haima,2026-07-13,198370000,19837000
AMO-121,"لنت ترمز هایما 5S عقب",brake-pads,haima,2026-07-20,204320000,20432000
AMO-121,"لنت ترمز هایما 5S عقب",brake-pads,haima,2026-07-27,203240000,20324000
AMO-121,"لنت ترمز هایما 5S عقب",brake-pads,haima,2026-08-03,210240000,21024000
AMO-121,"لنت ترمز هایما 5S عقب",brake-pads,haima,2026-08-10,208905000,20890500
AMO-121,"لنت ترمز هایما 5S عقب",brake-pads,haima,2026-08-17,215080000,21508000
AMO-121,"لنت ترمز هایما 5S عقب",brake-pads,haima,2026-08-24,214630000,21463000
AMO-121,"لنت ترمز هایما 5S عقب",brake-pads,haima,2026-08-31,216275000,21627500
AMO-121,"لنت ترمز هایما 5S عقب",brake-pads,haima,2026-09-07,224275000,22427500
AMO-121,"لنت ترمز هایما 5S عقب",brake-pads,haima,2026-09-14,223080000,22308000
AMO-122,"لنت ترمز هایما 7S جلو",brake-pads,haima,2026-06-29,333975000,33397500
AMO-122,"لنت ترمز هایما 7S جلو",brake-pads,haima,2026-07-06,336520000,33652000
AMO-122,"لنت ترمز هایما 7S جلو",brake-pads,haima,2026-07-13,342065000,34206500
AMO-122,"لنت ترمز هایما 7S جلو",brake-pads,haima,2026-07-20,352025000,35202500
AMO-122,"لنت ترمز هایما 7S جلو",brake-pads,haima,2026-07-27,356375000,35637500
AMO-122,"لنت ترمز هایما 7S جلو",brake-pads,haima,2026-08-03,359205000,35920500
AMO-122,"لنت ترمز هایما 7S جلو",brake-pads,haima,2026-08-10,362965000,36296500
AMO-122,"لنت ترمز هایما 7S جلو",brake-pads,haima,2026-08-17,365500000,36550000
AMO-122,"لنت ترمز هایما 7S جلو",brake-pads,haima,2026-08-24,362855000,36285500
AMO-122,"لنت ترمز هایما 7S جلو",brake-pads,haima,2026-08-31,374110000,37411000
AMO-122,"لنت ترمز هایما 7S جلو",brake-pads,haima,2026-09-07,371400000,37140000
AMO-122,"لنت ترمز هایما 7S جلو",brake-pads,haima,2026-09-14,389532000,38953200
AMO-123,"لنت ترمز هایما 7S عقب",brake-pads,haima,2026-06-29,251330000,25133000
AMO-123,"لنت ترمز هایما 7S عقب",brake-pads,haima,2026-07-06,250555000,25055500
AMO-123,"لنت ترمز هایما 7S عقب",brake-pads,haima,2026-07-13,261930000,26193000
AMO-123,"لنت ترمز هایما 7S عقب",brake-pads,haima,2026-07-20,269915000,26991500
AMO-123,"لنت ترمز هایما 7S عقب",brake-pads,haima,2026-07-27,266985000,26698500
AMO-123,"لنت ترمز هایما 7S عقب",brake-pads,haima,2026-08-03,275040000,27504000
AMO-123,"لنت ترمز هایما 7S عقب",brake-pads,haima,2026-08-10,274450000,27445000
AMO-123,"لنت ترمز هایما 7S عقب",brake-pads,haima,2026-08-17,274630000,27463000
AMO-123,"لنت ترمز هایما 7S عقب",brake-pads,haima,2026-08-24,285905000,28590500
AMO-123,"لنت ترمز هایما 7S عقب",brake-pads,haima,2026-08-31,290535000,29053500
AMO-123,"لنت ترمز هایما 7S عقب",brake-pads,haima,2026-09-07,288650000,28865000
AMO-123,"لنت ترمز هایما 7S عقب",brake-pads,haima,2026-09-14,291720000,29172000
AMO-124,"لنت ترمز کاپرا جلو",brake-pads,capra,2026-06-29,258520000,25852000
AMO-124,"لنت ترمز کاپرا جلو",brake-pads,capra,2026-07-06,267640000,26764000
AMO-124,"لنت ترمز کاپرا جلو",brake-pads,capra,2026-07-13,271155000,27115500
AMO-124,"لنت ترمز کاپرا جلو",brake-pads,capra,2026-07-20,276370000,27637000
AMO-124,"لنت ترمز کاپرا جلو",brake-pads,capra,2026-07-27,289425000,28942500
AMO-124,"لنت ترمز کاپرا جلو",brake-pads,capra,2026-08-03,295185000,29518500
AMO-124,"لنت ترمز کاپرا جلو",brake-pads,capra,2026-08-10,296860000,29686000
AMO-124,"لنت ترمز کاپرا جلو",brake-pads,capra,2026-08-17,300825000,30082500
AMO-124,"لنت ترمز کاپرا جلو",brake-pads,capra,2026-08-24,314560000,31456000
AMO-124,"لنت ترمز کاپرا جلو",brake-pads,capra,2026-08-31,315635000,31563500
AMO-124,"لنت ترمز کاپرا جلو",brake-pads,capra,2026-09-07,315785000,31578500
AMO-124,"لنت ترمز کاپرا جلو",brake-pads,capra,2026-09-14,317460000,31746000
AMO-125,"لنت ترمز برلیانس 220/230 جلو",brake-pads,brilliance,2026-06-29,171195000,17119500
AMO-125,"لنت ترمز برلیانس 220/230 جلو",brake-pads,brilliance,2026-07-06,179005000,17900500
AMO-125,"لنت ترمز برلیانس 220/230 جلو",brake-pads,brilliance,2026-07-13,182795000,18279500
AMO-125,"لنت ترمز برلیانس 220/230 جلو",brake-pads,brilliance,2026-07-20,183405000,18340500
AMO-125,"لنت ترمز برلیانس 220/230 جلو",brake-pads,brilliance,2026-07-27,187545000,18754500
AMO-125,"لنت ترمز برلیانس 220/230 جلو",brake-pads,brilliance,2026-08-03,187815000,18781500
AMO-125,"لنت ترمز برلیانس 220/230 جلو",brake-pads,brilliance,2026-08-10,193750000,19375000
AMO-125,"لنت ترمز برلیانس 220/230 جلو",brake-pads,brilliance,2026-08-17,196425000,19642500
AMO-125,"لنت ترمز برلیانس 220/230 جلو",brake-pads,brilliance,2026-08-24,198530000,19853000
AMO-125,"لنت ترمز برلیانس 220/230 جلو",brake-pads,brilliance,2026-08-31,208155000,20815500
AMO-125,"لنت ترمز برلیانس 220/230 جلو",brake-pads,brilliance,2026-09-07,213995000,21399500
AMO-125,"لنت ترمز برلیانس 220/230 جلو",brake-pads,brilliance,2026-09-14,214500000,21450000
AMO-126,"لنت ترمز برلیانس 220/230 کفشکی عقب",brake-pads,brilliance,2026-06-29,178060000,17806000
AMO-126,"لنت ترمز برلیانس 220/230 کفشکی عقب",brake-pads,brilliance,2026-07-06,183480000,18348000
AMO-126,"لنت ترمز برلیانس 220/230 کفشکی عقب",brake-pads,brilliance,2026-07-13,187115000,18711500
AMO-126,"لنت ترمز برلیانس 220/230 کفشکی عقب",brake-pads,brilliance,2026-07-20,189580000,18958000
AMO-126,"لنت ترمز برلیانس 220/230 کفشکی عقب",brake-pads,brilliance,2026-07-27,190955000,19095500
AMO-126,"لنت ترمز برلیانس 220/230 کفشکی عقب",brake-pads,brilliance,2026-08-03,191435000,19143500
AMO-126,"لنت ترمز برلیانس 220/230 کفشکی عقب",brake-pads,brilliance,2026-08-10,191635000,19163500
AMO-126,"لنت ترمز برلیانس 220/230 کفشکی عقب",brake-pads,brilliance,2026-08-17,191440000,19144000
AMO-126,"لنت ترمز برلیانس 220/230 کفشکی عقب",brake-pads,brilliance,2026-08-24,195515000,19551500
AMO-126,"لنت ترمز برلیانس 220/230 کفشکی عقب",brake-pads,brilliance,2026-08-31,201265000,20126500
AMO-126,"لنت ترمز برلیانس 220/230 کفشکی عقب",brake-pads,brilliance,2026-09-07,201890000,20189000
AMO-126,"لنت ترمز برلیانس 220/230 کفشکی عقب",brake-pads,brilliance,2026-09-14,205920000,20592000
AMO-127,"لنت ترمز برلیانس 320/330 جلو",brake-pads,brilliance,2026-06-29,247800000,24780000
AMO-127,"لنت ترمز برلیانس 320/330 جلو",brake-pads,brilliance,2026-07-06,248485000,24848500
AMO-127,"لنت ترمز برلیانس 320/330 جلو",brake-pads,brilliance,2026-07-13,251630000,25163000
AMO-127,"لنت ترمز برلیانس 320/330 جلو",brake-pads,brilliance,2026-07-20,249465000,24946500
AMO-127,"لنت ترمز برلیانس 320/330 جلو",brake-pads,brilliance,2026-07-27,247895000,24789500
AMO-127,"لنت ترمز برلیانس 320/330 جلو",brake-pads,brilliance,2026-08-03,256775000,25677500
AMO-127,"لنت ترمز برلیانس 320/330 جلو",brake-pads,brilliance,2026-08-10,259970000,25997000
AMO-127,"لنت ترمز برلیانس 320/330 جلو",brake-pads,brilliance,2026-08-17,261565000,26156500
AMO-127,"لنت ترمز برلیانس 320/330 جلو",brake-pads,brilliance,2026-08-24,268950000,26895000
AMO-127,"لنت ترمز برلیانس 320/330 جلو",brake-pads,brilliance,2026-08-31,270880000,27088000
AMO-127,"لنت ترمز برلیانس 320/330 جلو",brake-pads,brilliance,2026-09-07,279385000,27938500
AMO-127,"لنت ترمز برلیانس 320/330 جلو",brake-pads,brilliance,2026-09-14,286572000,28657200
AMO-128,"لنت ترمز برلیانس 320/330 عقب",brake-pads,brilliance,2026-06-29,181780000,18178000
AMO-128,"لنت ترمز برلیانس 320/330 عقب",brake-pads,brilliance,2026-07-06,181825000,18182500
AMO-128,"لنت ترمز برلیانس 320/330 عقب",brake-pads,brilliance,2026-07-13,185040000,18504000
AMO-128,"لنت ترمز برلیانس 320/330 عقب",brake-pads,brilliance,2026-07-20,192000000,19200000
AMO-128,"لنت ترمز برلیانس 320/330 عقب",brake-pads,brilliance,2026-07-27,194610000,19461000
AMO-128,"لنت ترمز برلیانس 320/330 عقب",brake-pads,brilliance,2026-08-03,197610000,19761000
AMO-128,"لنت ترمز برلیانس 320/330 عقب",brake-pads,brilliance,2026-08-10,199495000,19949500
AMO-128,"لنت ترمز برلیانس 320/330 عقب",brake-pads,brilliance,2026-08-17,200855000,20085500
AMO-128,"لنت ترمز برلیانس 320/330 عقب",brake-pads,brilliance,2026-08-24,205090000,20509000
AMO-128,"لنت ترمز برلیانس 320/330 عقب",brake-pads,brilliance,2026-08-31,207695000,20769500
AMO-128,"لنت ترمز برلیانس 320/330 عقب",brake-pads,brilliance,2026-09-07,214990000,21499000
AMO-128,"لنت ترمز برلیانس 320/330 عقب",brake-pads,brilliance,2026-09-14,214500000,21450000
AMO-129,"لنت ترمز چری آریزو 300Z جلو",brake-pads,chery,2026-06-29,234980000,23498000
AMO-129,"لنت ترمز چری آریزو 300Z جلو",brake-pads,chery,2026-07-06,232335000,23233500
AMO-129,"لنت ترمز چری آریزو 300Z جلو",brake-pads,chery,2026-07-13,235730000,23573000
AMO-129,"لنت ترمز چری آریزو 300Z جلو",brake-pads,chery,2026-07-20,237800000,23780000
AMO-129,"لنت ترمز چری آریزو 300Z جلو",brake-pads,chery,2026-07-27,254540000,25454000
AMO-129,"لنت ترمز چری آریزو 300Z جلو",brake-pads,chery,2026-08-03,256685000,25668500
AMO-129,"لنت ترمز چری آریزو 300Z جلو",brake-pads,chery,2026-08-10,257160000,25716000
AMO-129,"لنت ترمز چری آریزو 300Z جلو",brake-pads,chery,2026-08-17,265235000,26523500
AMO-129,"لنت ترمز چری آریزو 300Z جلو",brake-pads,chery,2026-08-24,274625000,27462500
AMO-129,"لنت ترمز چری آریزو 300Z جلو",brake-pads,chery,2026-08-31,270630000,27063000
AMO-129,"لنت ترمز چری آریزو 300Z جلو",brake-pads,chery,2026-09-07,268270000,26827000
AMO-129,"لنت ترمز چری آریزو 300Z جلو",brake-pads,chery,2026-09-14,283140000,28314000
AMO-130,"لنت ترمز چری آریزو 300Z عقب",brake-pads,chery,2026-06-29,183980000,18398000
AMO-130,"لنت ترمز چری آریزو 300Z عقب",brake-pads,chery,2026-07-06,183765000,18376500
AMO-130,"لنت ترمز چری آریزو 300Z عقب",brake-pads,chery,2026-07-13,184640000,18464000
AMO-130,"لنت ترمز چری آریزو 300Z عقب",brake-pads,chery,2026-07-20,188675000,18867500
AMO-130,"لنت ترمز چری آریزو 300Z عقب",brake-pads,chery,2026-07-27,193885000,19388500
AMO-130,"لنت ترمز چری آریزو 300Z عقب",brake-pads,chery,2026-08-03,195530000,19553000
AMO-130,"لنت ترمز چری آریزو 300Z عقب",brake-pads,chery,2026-08-10,200530000,20053000
AMO-130,"لنت ترمز چری آریزو 300Z عقب",brake-pads,chery,2026-08-17,207425000,20742500
AMO-130,"لنت ترمز چری آریزو 300Z عقب",brake-pads,chery,2026-08-24,213290000,21329000
AMO-130,"لنت ترمز چری آریزو 300Z عقب",brake-pads,chery,2026-08-31,211670000,21167000
AMO-130,"لنت ترمز چری آریزو 300Z عقب",brake-pads,chery,2026-09-07,213645000,21364500
AMO-130,"لنت ترمز چری آریزو 300Z عقب",brake-pads,chery,2026-09-14,214500000,21450000
